ep:MEP.ep:familyName,ep:MEP.ep:firstName,ep:MEP.ep:persId,ep:MEP.ep:uri,ep:Civility.ep:uri,ep:Gender.ep:uri,ep:Status.ep:uri,ep:hasBirthCountry.ep:uri,ep:hasPoliticalGroup.ep:uri
Adamowicz,Magdalena,197490,ep:MEP_197490,ep:Civility_DR,ep:Gender_F,ep:Status_ACTIVE,ep:Country_PL,ep:Body_GP-PPE-5153
Ademov,Asim,189525,ep:MEP_189525,ep:Civility_GN,ep:Gender_M,ep:Status_ACTIVE,ep:Country_BG,ep:Body_GP-PPE-5153
Adinolfi,Isabella,124831,ep:MEP_124831,ep:Civility_ON.LE,ep:Gender_F,ep:Status_ACTIVE,ep:Country_IT,ep:Body_GP-NI-5152
Adinolfi,Matteo,197826,ep:MEP_197826,null,ep:Gender_M,ep:Status_ACTIVE,ep:Country_IT,ep:Body_GP-ID-5588
Agius Saliba,Alex,197403,ep:MEP_197403,ep:Civility_IS-SUR,ep:Gender_M,ep:Status_ACTIVE,ep:Country_MT,ep:Body_GP-S&D-5154
Aguilar,Mazaly,198096,ep:MEP_198096,null,ep:Gender_F,ep:Status_ACTIVE,ep:Country_ES,ep:Body_GP-ECR-5148
Aguilera,Clara,125045,ep:MEP_125045,ep:Civility_SRA.,ep:Gender_F,ep:Status_ACTIVE,ep:Country_ES,ep:Body_GP-S&D-5154
Al-Sahlani,Abir,197400,ep:MEP_197400,ep:Civility_FRU,ep:Gender_F,ep:Status_ACTIVE,ep:Country_IQ,ep:Body_GP-Renew-5704
Alametsä,Alviina,204335,ep:MEP_204335,null,ep:Gender_F,ep:Status_ACTIVE,null,ep:Body_GP-Verts/ALE-5155
Alexandrov Yordanov,Alexander,197836,ep:MEP_197836,null,ep:Gender_M,ep:Status_ACTIVE,ep:Country_BG,ep:Body_GP-PPE-5153
Alfonsi,François,96750,ep:MEP_96750,ep:Civility_M.,ep:Gender_M,ep:Status_ACTIVE,ep:Country_FR,ep:Body_GP-Verts/ALE-5155
Alieva-Veli,Atidzhe,197848,ep:MEP_197848,null,ep:Gender_F,ep:Status_ACTIVE,ep:Country_BG,ep:Body_GP-Renew-5704
Amaro,Álvaro,197746,ep:MEP_197746,null,ep:Gender_M,ep:Status_ACTIVE,ep:Country_PT,ep:Body_GP-PPE-5153
Ameriks,Andris,197783,ep:MEP_197783,null,ep:Gender_M,ep:Status_ACTIVE,ep:Country_LV,ep:Body_GP-S&D-5154
Anderson,Christine,197475,ep:MEP_197475,ep:Civility_FR.,ep:Gender_F,ep:Status_ACTIVE,null,ep:Body_GP-ID-5588
Andresen,Rasmus,197448,ep:MEP_197448,ep:Civility_HR.,ep:Gender_M,ep:Status_ACTIVE,ep:Country_DE,ep:Body_GP-Verts/ALE-5155
Andrews,Barry,204332,ep:MEP_204332,null,ep:Gender_M,ep:Status_ACTIVE,ep:Country_IE,ep:Body_GP-Renew-5704
Andrieu,Eric,113892,ep:MEP_113892,ep:Civility_M.,ep:Gender_M,ep:Status_ACTIVE,ep:Country_FR,ep:Body_GP-S&D-5154
Androulakis,Nikos,125110,ep:MEP_125110,ep:Civility_KO.,ep:Gender_M,ep:Status_ACTIVE,ep:Country_GR,ep:Body_GP-S&D-5154
Androuët,Mathilde,197691,ep:MEP_197691,null,ep:Gender_F,ep:Status_ACTIVE,ep:Country_FR,ep:Body_GP-ID-5588
Angel,Marc,202073,ep:MEP_202073,null,ep:Gender_M,ep:Status_ACTIVE,ep:Country_LU,ep:Body_GP-S&D-5154
Annemans,Gerolf,124973,ep:MEP_124973,ep:Civility_DE HEER,ep:Gender_M,ep:Status_ACTIVE,ep:Country_BE,ep:Body_GP-ID-5588
Ansip,Andrus,124696,ep:MEP_124696,ep:Civility_HR ,ep:Gender_M,ep:Status_ACTIVE,ep:Country_EE,ep:Body_GP-Renew-5704
Ara-Kovács,Attila,197587,ep:MEP_197587,null,ep:Gender_M,ep:Status_ACTIVE,ep:Country_RO,ep:Body_GP-S&D-5154
Arena,Maria,124936,ep:MEP_124936,ep:Civility_MME,ep:Gender_F,ep:Status_ACTIVE,ep:Country_BE,ep:Body_GP-S&D-5154
Arias Echeverría,Pablo,96808,ep:MEP_96808,ep:Civility_SR.,ep:Gender_M,ep:Status_ACTIVE,ep:Country_ES,ep:Body_GP-PPE-5153
Arimont,Pascal,24922,ep:MEP_24922,ep:Civility_HR.,ep:Gender_M,ep:Status_ACTIVE,ep:Country_BE,ep:Body_GP-PPE-5153
Armand,Clotilde,197664,ep:MEP_197664,ep:Civility_D-NA,ep:Gender_F,ep:Status_ACTIVE,ep:Country_RO,ep:Body_GP-Renew-5704
Arvanitis,Konstantinos,197701,ep:MEP_197701,null,ep:Gender_M,ep:Status_ACTIVE,ep:Country_GR,ep:Body_GP-GUE/NGL-5151
Arłukowicz,Bartosz,197492,ep:MEP_197492,null,ep:Gender_M,ep:Status_ACTIVE,ep:Country_PL,ep:Body_GP-PPE-5153
Asimakopoulou,Anna-Michelle,197695,ep:MEP_197695,null,ep:Gender_F,ep:Status_ACTIVE,ep:Country_US,ep:Body_GP-PPE-5153
Aubry,Manon,197533,ep:MEP_197533,ep:Civility_MME,ep:Gender_F,ep:Status_ACTIVE,ep:Country_FR,ep:Body_GP-GUE/NGL-5151
Auken,Margrete,28161,ep:MEP_28161,ep:Civility_FR,ep:Gender_F,ep:Status_ACTIVE,ep:Country_DK,ep:Body_GP-Verts/ALE-5155
Auštrevičius,Petras,124766,ep:MEP_124766,ep:Civility_PONAS,ep:Gender_M,ep:Status_ACTIVE,ep:Country_LT,ep:Body_GP-Renew-5704
Avram,Carmen,197651,ep:MEP_197651,ep:Civility_D-NA,ep:Gender_F,ep:Status_ACTIVE,ep:Country_RO,ep:Body_GP-S&D-5154
Azmani,Malik,197781,ep:MEP_197781,null,ep:Gender_M,ep:Status_ACTIVE,ep:Country_NL,ep:Body_GP-Renew-5704
Baldassarre,Simona,197789,ep:MEP_197789,null,ep:Gender_F,ep:Status_ACTIVE,ep:Country_IT,ep:Body_GP-ID-5588
Balt,Marek Paweł,197495,ep:MEP_197495,ep:Civility_PAN ,ep:Gender_M,ep:Status_ACTIVE,ep:Country_PL,ep:Body_GP-S&D-5154
Bardella,Jordan,131580,ep:MEP_131580,null,ep:Gender_M,ep:Status_ACTIVE,ep:Country_FR,ep:Body_GP-ID-5588
Barley,Katarina,197433,ep:MEP_197433,ep:Civility_DR.,ep:Gender_F,ep:Status_ACTIVE,ep:Country_DE,ep:Body_GP-S&D-5154
Barrena Arza,Pernando,197684,ep:MEP_197684,null,ep:Gender_M,ep:Status_ACTIVE,ep:Country_ES,ep:Body_GP-GUE/NGL-5151
Bartolo,Pietro,197808,ep:MEP_197808,null,ep:Gender_M,ep:Status_ACTIVE,ep:Country_IT,ep:Body_GP-S&D-5154
Basso,Alessandra,197610,ep:MEP_197610,null,ep:Gender_F,ep:Status_ACTIVE,ep:Country_IT,ep:Body_GP-ID-5588
Bauzá Díaz,José Ramón,197779,ep:MEP_197779,null,ep:Gender_M,ep:Status_ACTIVE,ep:Country_ES,ep:Body_GP-Renew-5704
Bay,Nicolas,124760,ep:MEP_124760,ep:Civility_M.,ep:Gender_M,ep:Status_ACTIVE,ep:Country_FR,ep:Body_GP-ID-5588
Beck,Gunnar,132191,ep:MEP_132191,ep:Civility_HR.,ep:Gender_M,ep:Status_ACTIVE,ep:Country_DE,ep:Body_GP-ID-5588
Beer,Nicola,197437,ep:MEP_197437,null,ep:Gender_F,ep:Status_ACTIVE,ep:Country_DE,ep:Body_GP-Renew-5704
Beghin,Tiziana,124777,ep:MEP_124777,ep:Civility_ON.LE,ep:Gender_F,ep:Status_ACTIVE,ep:Country_IT,ep:Body_GP-NI-5152
Beigneux,Aurelia,197680,ep:MEP_197680,null,ep:Gender_F,ep:Status_ACTIVE,ep:Country_FR,ep:Body_GP-ID-5588
Belka,Marek,197496,ep:MEP_197496,ep:Civility_PAN ,ep:Gender_M,ep:Status_ACTIVE,ep:Country_PL,ep:Body_GP-S&D-5154
Bellamy,François-Xavier,197534,ep:MEP_197534,ep:Civility_M.,ep:Gender_M,ep:Status_ACTIVE,ep:Country_FR,ep:Body_GP-PPE-5153
Benea,Adrian-Dragoş,197658,ep:MEP_197658,ep:Civility_DI,ep:Gender_M,ep:Status_ACTIVE,ep:Country_RO,ep:Body_GP-S&D-5154
Benifei,Brando,124867,ep:MEP_124867,ep:Civility_ON.LE,ep:Gender_M,ep:Status_ACTIVE,ep:Country_IT,ep:Body_GP-S&D-5154
Benjumea Benjumea,Isabel,197679,ep:MEP_197679,null,ep:Gender_F,ep:Status_ACTIVE,ep:Country_ES,ep:Body_GP-PPE-5153
Bentele,Hildegard,197408,ep:MEP_197408,ep:Civility_FR.,ep:Gender_F,ep:Status_ACTIVE,ep:Country_DE,ep:Body_GP-PPE-5153
Berendsen,Tom,197778,ep:MEP_197778,null,ep:Gender_M,ep:Status_ACTIVE,ep:Country_NL,ep:Body_GP-PPE-5153
Berg,Lars Patrick,197478,ep:MEP_197478,ep:Civility_HR.,ep:Gender_M,ep:Status_ACTIVE,ep:Country_DE,ep:Body_GP-ID-5588
Berger,Stefan,197410,ep:MEP_197410,ep:Civility_DR.,ep:Gender_M,ep:Status_ACTIVE,ep:Country_DE,ep:Body_GP-PPE-5153
Bergkvist,Erik,197396,ep:MEP_197396,null,ep:Gender_M,ep:Status_ACTIVE,ep:Country_SE,ep:Body_GP-S&D-5154
Berlato,Sergio,4746,ep:MEP_4746,ep:Civility_ON.LE,ep:Gender_M,ep:Status_ACTIVE,ep:Country_IT,ep:Body_GP-ECR-5148
Berlusconi,Silvio,4391,ep:MEP_4391,ep:Civility_ON.LE,ep:Gender_M,ep:Status_ACTIVE,ep:Country_IT,ep:Body_GP-PPE-5153
Bernhuber,Alexander,197648,ep:MEP_197648,ep:Civility_HR.,ep:Gender_M,ep:Status_ACTIVE,ep:Country_AT,ep:Body_GP-PPE-5153
Beňová,Monika,23868,ep:MEP_23868,ep:Civility_PANI  ,ep:Gender_F,ep:Status_ACTIVE,ep:Country_SK,ep:Body_GP-S&D-5154
Biedroń,Robert,197498,ep:MEP_197498,null,ep:Gender_M,ep:Status_ACTIVE,ep:Country_PL,ep:Body_GP-S&D-5154
Bielan,Adam,23788,ep:MEP_23788,ep:Civility_PAN ,ep:Gender_M,ep:Status_ACTIVE,ep:Country_PL,ep:Body_GP-ECR-5148
Bijoux,Stéphane,197551,ep:MEP_197551,null,ep:Gender_M,ep:Status_ACTIVE,ep:Country_FR,ep:Body_GP-Renew-5704
Bilbao Barandica,Izaskun,96922,ep:MEP_96922,ep:Civility_SRA.,ep:Gender_F,ep:Status_ACTIVE,ep:Country_ES,ep:Body_GP-Renew-5704
Bilde,Dominique,124771,ep:MEP_124771,ep:Civility_MME,ep:Gender_F,ep:Status_ACTIVE,ep:Country_FR,ep:Body_GP-ID-5588
Bilčík,Vladimír,197771,ep:MEP_197771,null,ep:Gender_M,ep:Status_ACTIVE,ep:Country_SK,ep:Body_GP-PPE-5153
Bischoff,Gabriele,197435,ep:MEP_197435,ep:Civility_FR.,ep:Gender_F,ep:Status_ACTIVE,ep:Country_DE,ep:Body_GP-S&D-5154
Biteau,Benoît,197512,ep:MEP_197512,ep:Civility_M.,ep:Gender_M,ep:Status_ACTIVE,ep:Country_FR,ep:Body_GP-Verts/ALE-5155
Bizzotto,Mara,97198,ep:MEP_97198,ep:Civility_ON.LE,ep:Gender_F,ep:Status_ACTIVE,ep:Country_IT,ep:Body_GP-ID-5588
Björk,Malin,124992,ep:MEP_124992,ep:Civility_FRU,ep:Gender_F,ep:Status_ACTIVE,ep:Country_SE,ep:Body_GP-GUE/NGL-5151
Blaga,Vasile,197637,ep:MEP_197637,ep:Civility_DI,ep:Gender_M,ep:Status_ACTIVE,ep:Country_RO,ep:Body_GP-PPE-5153
Blaško,Hynek,197564,ep:MEP_197564,null,ep:Gender_M,ep:Status_ACTIVE,ep:Country_CZ,ep:Body_GP-ID-5588
Blinkevičiūtė,Vilija,96681,ep:MEP_96681,ep:Civility_PONIA,ep:Gender_F,ep:Status_ACTIVE,ep:Country_LT,ep:Body_GP-S&D-5154
Bloss,Michael,197449,ep:MEP_197449,ep:Civility_HR.,ep:Gender_M,ep:Status_ACTIVE,ep:Country_DE,ep:Body_GP-Verts/ALE-5155
Bocskor,Andrea,124712,ep:MEP_124712,ep:Civility_URHOLGY,ep:Gender_F,ep:Status_ACTIVE,ep:Country_UA,ep:Body_GP-PPE-5153
Boeselager,Damian,197439,ep:MEP_197439,ep:Civility_HR.,ep:Gender_M,ep:Status_ACTIVE,ep:Country_DE,ep:Body_GP-Verts/ALE-5155
Bogdan,Ioan-Rareş,197636,ep:MEP_197636,ep:Civility_DI,ep:Gender_M,ep:Status_ACTIVE,ep:Country_RO,ep:Body_GP-PPE-5153
Bogovič,Franc,125004,ep:MEP_125004,ep:Civility_G.,ep:Gender_M,ep:Status_ACTIVE,ep:Country_SI,ep:Body_GP-PPE-5153
Bompard,Manuel,197521,ep:MEP_197521,ep:Civility_M.,ep:Gender_M,ep:Status_ACTIVE,ep:Country_FR,ep:Body_GP-GUE/NGL-5151
Bonafè,Simona,124814,ep:MEP_124814,ep:Civility_ON.LE,ep:Gender_F,ep:Status_ACTIVE,ep:Country_IT,ep:Body_GP-S&D-5154
Bonfrisco,Anna,197788,ep:MEP_197788,ep:Civility_DR.SA,ep:Gender_F,ep:Status_ACTIVE,ep:Country_IT,ep:Body_GP-ID-5588
Borchia,Paolo,101039,ep:MEP_101039,ep:Civility_SIG.,ep:Gender_M,ep:Status_ACTIVE,ep:Country_IT,ep:Body_GP-ID-5588
Borzan,Biljana,112748,ep:MEP_112748,ep:Civility_GOSPODA,ep:Gender_F,ep:Status_ACTIVE,ep:Country_HR,ep:Body_GP-S&D-5154
Botenga,Marc,187917,ep:MEP_187917,ep:Civility_M.,ep:Gender_M,ep:Status_ACTIVE,ep:Country_BE,ep:Body_GP-GUE/NGL-5151
Botoş,Vlad-Marius,197668,ep:MEP_197668,ep:Civility_DI,ep:Gender_M,ep:Status_ACTIVE,ep:Country_RO,ep:Body_GP-Renew-5704
Bourgeois,Geert,197467,ep:MEP_197467,null,ep:Gender_M,ep:Status_ACTIVE,ep:Country_BE,ep:Body_GP-ECR-5148
Boyer,Gilles,197577,ep:MEP_197577,ep:Civility_M.,ep:Gender_M,ep:Status_ACTIVE,ep:Country_FR,ep:Body_GP-Renew-5704
Breyer,Patrick,197431,ep:MEP_197431,ep:Civility_DR.,ep:Gender_M,ep:Status_ACTIVE,ep:Country_DE,ep:Body_GP-Verts/ALE-5155
Brglez,Milan,197446,ep:MEP_197446,ep:Civility_DR,ep:Gender_M,ep:Status_ACTIVE,ep:Country_SI,ep:Body_GP-S&D-5154
Bricmont,Saskia,197470,ep:MEP_197470,null,ep:Gender_F,ep:Status_ACTIVE,ep:Country_BE,ep:Body_GP-Verts/ALE-5155
Brudziński,Joachim Stanisław,197501,ep:MEP_197501,null,ep:Gender_M,ep:Status_ACTIVE,ep:Country_PL,ep:Body_GP-ECR-5148
Bruna,Annika,182995,ep:MEP_182995,null,ep:Gender_F,ep:Status_ACTIVE,ep:Country_FR,ep:Body_GP-ID-5588
Brunet,Sylvie,197576,ep:MEP_197576,null,ep:Gender_F,ep:Status_ACTIVE,ep:Country_FR,ep:Body_GP-Renew-5704
Buchheit,Markus,128483,ep:MEP_128483,ep:Civility_HR.,ep:Gender_M,ep:Status_ACTIVE,ep:Country_DE,ep:Body_GP-ID-5588
Buda,Daniel,125012,ep:MEP_125012,ep:Civility_DI,ep:Gender_M,ep:Status_ACTIVE,ep:Country_RO,ep:Body_GP-PPE-5153
Bullmann,Udo,4267,ep:MEP_4267,ep:Civility_DR.,ep:Gender_M,ep:Status_ACTIVE,ep:Country_DE,ep:Body_GP-S&D-5154
Burkhardt,Delara,197440,ep:MEP_197440,ep:Civility_FR.,ep:Gender_F,ep:Status_ACTIVE,ep:Country_DE,ep:Body_GP-S&D-5154
Buschmann,Martin,197434,ep:MEP_197434,null,ep:Gender_M,ep:Status_ACTIVE,ep:Country_BE,ep:Body_GP-NI-5152
Buxadé Villalba,Jorge,197829,ep:MEP_197829,null,ep:Gender_M,ep:Status_ACTIVE,ep:Country_ES,ep:Body_GP-ECR-5148
Buzek,Jerzy,28269,ep:MEP_28269,ep:Civility_PAN ,ep:Gender_M,ep:Status_ACTIVE,ep:Country_PL,ep:Body_GP-PPE-5153
Buşoi,Cristian-Silviu,38420,ep:MEP_38420,ep:Civility_DI,ep:Gender_M,ep:Status_ACTIVE,ep:Country_RO,ep:Body_GP-PPE-5153
Bütikofer,Reinhard,96739,ep:MEP_96739,ep:Civility_HR.,ep:Gender_M,ep:Status_ACTIVE,ep:Country_DE,ep:Body_GP-Verts/ALE-5155
Băsescu,Traian,197671,ep:MEP_197671,ep:Civility_DI,ep:Gender_M,ep:Status_ACTIVE,ep:Country_RO,ep:Body_GP-PPE-5153
Calenda,Carlo,197617,ep:MEP_197617,null,ep:Gender_M,ep:Status_ACTIVE,ep:Country_IT,ep:Body_GP-S&D-5154
Campomenosi,Marco,35016,ep:MEP_35016,ep:Civility_MR.,ep:Gender_M,ep:Status_ACTIVE,ep:Country_IT,ep:Body_GP-ID-5588
Canfin,Pascal,96711,ep:MEP_96711,ep:Civility_M.,ep:Gender_M,ep:Status_ACTIVE,ep:Country_FR,ep:Body_GP-Renew-5704
Caroppo,Andrea,197797,ep:MEP_197797,null,ep:Gender_M,ep:Status_ACTIVE,ep:Country_IT,ep:Body_GP-ID-5588
Carvalhais,Isabel,199996,ep:MEP_199996,null,ep:Gender_F,ep:Status_ACTIVE,ep:Country_AO,ep:Body_GP-S&D-5154
Carvalho,Maria Da Graça,96867,ep:MEP_96867,ep:Civility_SRA D.,ep:Gender_F,ep:Status_ACTIVE,ep:Country_PT,ep:Body_GP-PPE-5153
Carême,Damien,197574,ep:MEP_197574,ep:Civility_M.,ep:Gender_M,ep:Status_ACTIVE,ep:Country_FR,ep:Body_GP-Verts/ALE-5155
Casa,David,28122,ep:MEP_28122,ep:Civility_IS-SUR,ep:Gender_M,ep:Status_ACTIVE,ep:Country_MT,ep:Body_GP-PPE-5153
Casanova,Massimo,197796,ep:MEP_197796,null,ep:Gender_M,ep:Status_ACTIVE,ep:Country_IT,ep:Body_GP-ID-5588
Caspary,Daniel,28219,ep:MEP_28219,ep:Civility_HR.,ep:Gender_M,ep:Status_ACTIVE,ep:Country_DE,ep:Body_GP-PPE-5153
Castaldo,Fabio Massimo,124812,ep:MEP_124812,ep:Civility_ON.LE,ep:Gender_M,ep:Status_ACTIVE,ep:Country_IT,ep:Body_GP-NI-5152
Cavazzini,Anna,86793,ep:MEP_86793,ep:Civility_FR.,ep:Gender_F,ep:Status_ACTIVE,ep:Country_DE,ep:Body_GP-Verts/ALE-5155
Cañas,Jordi,126644,ep:MEP_126644,null,ep:Gender_M,ep:Status_ACTIVE,ep:Country_ES,ep:Body_GP-Renew-5704
Ceccardi,Susanna,197786,ep:MEP_197786,null,ep:Gender_F,ep:Status_ACTIVE,ep:Country_IT,ep:Body_GP-ID-5588
Cerdas,Sara,197641,ep:MEP_197641,null,ep:Gender_F,ep:Status_ACTIVE,ep:Country_PT,ep:Body_GP-S&D-5154
Chabaud,Catherine,197505,ep:MEP_197505,null,ep:Gender_F,ep:Status_ACTIVE,ep:Country_FR,ep:Body_GP-Renew-5704
Chahim,Mohammed,197782,ep:MEP_197782,ep:Civility_DR.,ep:Gender_M,ep:Status_ACTIVE,ep:Country_MA,ep:Body_GP-S&D-5154
Chaibi,Leila,197529,ep:MEP_197529,null,ep:Gender_F,ep:Status_ACTIVE,ep:Country_FR,ep:Body_GP-GUE/NGL-5151
Charanzová,Dita,124708,ep:MEP_124708,ep:Civility_PANI,ep:Gender_F,ep:Status_ACTIVE,ep:Country_CZ,ep:Body_GP-Renew-5704
Chastel,Olivier,197463,ep:MEP_197463,null,ep:Gender_M,ep:Status_ACTIVE,ep:Country_BE,ep:Body_GP-Renew-5704
Chinnici,Caterina,124861,ep:MEP_124861,ep:Civility_ON.LE,ep:Gender_F,ep:Status_ACTIVE,ep:Country_IT,ep:Body_GP-S&D-5154
Christensen,Asger,197558,ep:MEP_197558,ep:Civility_HR.DA,ep:Gender_M,ep:Status_ACTIVE,ep:Country_DK,ep:Body_GP-Renew-5704
Christoforou,Lefteris,26837,ep:MEP_26837,ep:Civility_KO.,ep:Gender_M,ep:Status_ACTIVE,ep:Country_CY,ep:Body_GP-PPE-5153
Cicurel,Ilana,204416,ep:MEP_204416,null,ep:Gender_F,ep:Status_ACTIVE,ep:Country_FR,ep:Body_GP-Renew-5704
Cimoszewicz,Włodzimierz,197507,ep:MEP_197507,null,ep:Gender_M,ep:Status_ACTIVE,ep:Country_PL,ep:Body_GP-S&D-5154
Ciocca,Angelo,183793,ep:MEP_183793,ep:Civility_ON.LE,ep:Gender_M,ep:Status_ACTIVE,ep:Country_IT,ep:Body_GP-ID-5588
Cioloş,Dacian,197631,ep:MEP_197631,null,ep:Gender_M,ep:Status_ACTIVE,ep:Country_RO,ep:Body_GP-Renew-5704
Ciuhodaru,Tudor,197657,ep:MEP_197657,ep:Civility_DI,ep:Gender_M,ep:Status_ACTIVE,ep:Country_RO,ep:Body_GP-S&D-5154
Clune,Deirdre,124988,ep:MEP_124988,ep:Civility_MRS.,ep:Gender_F,ep:Status_ACTIVE,ep:Country_IE,ep:Body_GP-PPE-5153
Colin-Oesterlé,Nathalie,197536,ep:MEP_197536,null,ep:Gender_F,ep:Status_ACTIVE,ep:Country_FR,ep:Body_GP-PPE-5153
Collard,Gilbert,197683,ep:MEP_197683,null,ep:Gender_M,ep:Status_ACTIVE,ep:Country_FR,ep:Body_GP-ID-5588
Comín i Oliveres,Antoni,202352,ep:MEP_202352,null,ep:Gender_M,ep:Status_ACTIVE,ep:Country_ES,ep:Body_GP-NI-5152
Conte,Rosanna,197616,ep:MEP_197616,ep:Civility_AVV.,ep:Gender_F,ep:Status_ACTIVE,ep:Country_IT,ep:Body_GP-ID-5588
Cormand,David,197503,ep:MEP_197503,null,ep:Gender_M,ep:Status_ACTIVE,ep:Country_FR,ep:Body_GP-Verts/ALE-5155
Corrao,Ignazio,124856,ep:MEP_124856,ep:Civility_ON.LE,ep:Gender_M,ep:Status_ACTIVE,ep:Country_IT,ep:Body_GP-NI-5152
Cozzolino,Andrea,96880,ep:MEP_96880,ep:Civility_ON.LE,ep:Gender_M,ep:Status_ACTIVE,ep:Country_IT,ep:Body_GP-S&D-5154
Crețu,Corina,33997,ep:MEP_33997,ep:Civility_D-NA,ep:Gender_F,ep:Status_ACTIVE,ep:Country_RO,ep:Body_GP-S&D-5154
Cseh,Katalin,197588,ep:MEP_197588,ep:Civility_DR.,ep:Gender_F,ep:Status_ACTIVE,ep:Country_CA,ep:Body_GP-Renew-5704
Cuffe,Ciarán,197654,ep:MEP_197654,null,ep:Gender_M,ep:Status_ACTIVE,ep:Country_IE,ep:Body_GP-Verts/ALE-5155
Cutajar,Josianne,197394,ep:MEP_197394,null,ep:Gender_F,ep:Status_ACTIVE,ep:Country_MT,ep:Body_GP-S&D-5154
Czarnecki,Ryszard,28372,ep:MEP_28372,ep:Civility_PAN ,ep:Gender_M,ep:Status_ACTIVE,ep:Country_GB,ep:Body_GP-ECR-5148
D'Amato,Rosa,124835,ep:MEP_124835,ep:Civility_ON.LE,ep:Gender_F,ep:Status_ACTIVE,ep:Country_IT,ep:Body_GP-NI-5152
Da Re,Gianantonio,197608,ep:MEP_197608,null,ep:Gender_M,ep:Status_ACTIVE,ep:Country_IT,ep:Body_GP-ID-5588
Dalli,Miriam,124970,ep:MEP_124970,ep:Civility_IS-SINJURA,ep:Gender_F,ep:Status_ACTIVE,ep:Country_MT,ep:Body_GP-S&D-5154
Dalunde,Jakop,183338,ep:MEP_183338,ep:Civility_HERR,ep:Gender_M,ep:Status_ACTIVE,ep:Country_SE,ep:Body_GP-Verts/ALE-5155
Daly,Clare,197731,ep:MEP_197731,null,ep:Gender_F,ep:Status_ACTIVE,ep:Country_IE,ep:Body_GP-GUE/NGL-5151
Danielsson,Johan,38542,ep:MEP_38542,ep:Civility_MR.,ep:Gender_M,ep:Status_ACTIVE,ep:Country_SE,ep:Body_GP-S&D-5154
Danjean,Arnaud,96747,ep:MEP_96747,ep:Civility_M.,ep:Gender_M,ep:Status_ACTIVE,ep:Country_FR,ep:Body_GP-PPE-5153
Danti,Nicola,124821,ep:MEP_124821,ep:Civility_ON.LE,ep:Gender_M,ep:Status_ACTIVE,ep:Country_IT,ep:Body_GP-Renew-5704
David,Ivan,197556,ep:MEP_197556,ep:Civility_PAN,ep:Gender_M,ep:Status_ACTIVE,ep:Country_CZ,ep:Body_GP-ID-5588
De Castro,Paolo,96891,ep:MEP_96891,ep:Civility_ON.LE,ep:Gender_M,ep:Status_ACTIVE,ep:Country_IT,ep:Body_GP-S&D-5154
De Man,Filip,197472,ep:MEP_197472,null,ep:Gender_M,ep:Status_ACTIVE,ep:Country_BE,ep:Body_GP-ID-5588
De Meo,Salvatore,204333,ep:MEP_204333,null,ep:Gender_M,ep:Status_ACTIVE,ep:Country_IT,ep:Body_GP-PPE-5153
De Sutter,Petra,197471,ep:MEP_197471,null,ep:Gender_F,ep:Status_ACTIVE,ep:Country_BE,ep:Body_GP-Verts/ALE-5155
Decerle,Jérémy,197504,ep:MEP_197504,null,ep:Gender_M,ep:Status_ACTIVE,ep:Country_FR,ep:Body_GP-Renew-5704
Delbos-Corfield,Gwendoline,197531,ep:MEP_197531,null,ep:Gender_F,ep:Status_ACTIVE,ep:Country_GB,ep:Body_GP-Verts/ALE-5155
Deli,Andor,124714,ep:MEP_124714,ep:Civility_UR,ep:Gender_M,ep:Status_ACTIVE,ep:Country_RS,ep:Body_GP-PPE-5153
Delli,Karima,96868,ep:MEP_96868,ep:Civility_MME,ep:Gender_F,ep:Status_ACTIVE,ep:Country_FR,ep:Body_GP-Verts/ALE-5155
Demirel,Özlem,197468,ep:MEP_197468,ep:Civility_FR.,ep:Gender_F,ep:Status_ACTIVE,ep:Country_TR,ep:Body_GP-GUE/NGL-5151
Deparnay-Grunenberg,Anna,197453,ep:MEP_197453,ep:Civility_FR.,ep:Gender_F,ep:Status_ACTIVE,ep:Country_DE,ep:Body_GP-Verts/ALE-5155
Deutsch,Tamás,96826,ep:MEP_96826,ep:Civility_UR,ep:Gender_M,ep:Status_ACTIVE,ep:Country_HU,ep:Body_GP-PPE-5153
Didier,Geoffroy,190774,ep:MEP_190774,ep:Civility_M.,ep:Gender_M,ep:Status_ACTIVE,ep:Country_FR,ep:Body_GP-PPE-5153
Dlabajová,Martina,124709,ep:MEP_124709,ep:Civility_PANI,ep:Gender_F,ep:Status_ACTIVE,ep:Country_CZ,ep:Body_GP-Renew-5704
Dobrev,Klára,197579,ep:MEP_197579,null,ep:Gender_F,ep:Status_ACTIVE,ep:Country_BG,ep:Body_GP-S&D-5154
Doleschal,Christian,197473,ep:MEP_197473,ep:Civility_HR.,ep:Gender_M,ep:Status_ACTIVE,ep:Country_DE,ep:Body_GP-PPE-5153
Donato,Francesca,197822,ep:MEP_197822,null,ep:Gender_F,ep:Status_ACTIVE,ep:Country_IT,ep:Body_GP-ID-5588
Donáth,Anna Júlia,197595,ep:MEP_197595,null,ep:Gender_F,ep:Status_ACTIVE,ep:Country_HU,ep:Body_GP-Renew-5704
Dorfmann,Herbert,96787,ep:MEP_96787,ep:Civility_HR.,ep:Gender_M,ep:Status_ACTIVE,ep:Country_IT,ep:Body_GP-PPE-5153
Dreosto,Marco,197614,ep:MEP_197614,null,ep:Gender_M,ep:Status_ACTIVE,ep:Country_IT,ep:Body_GP-ID-5588
Duda,Jarosław,197510,ep:MEP_197510,null,ep:Gender_M,ep:Status_ACTIVE,ep:Country_PL,ep:Body_GP-PPE-5153
Durand,Pascal,124693,ep:MEP_124693,ep:Civility_M.,ep:Gender_M,ep:Status_ACTIVE,ep:Country_FR,ep:Body_GP-Renew-5704
Durá Ferrandis,Estrella,198329,ep:MEP_198329,null,ep:Gender_F,ep:Status_ACTIVE,ep:Country_ES,ep:Body_GP-S&D-5154
Dzhambazki,Angel,124873,ep:MEP_124873,ep:Civility_GN,ep:Gender_M,ep:Status_ACTIVE,ep:Country_BG,ep:Body_GP-ECR-5148
Düpont,Lena,99945,ep:MEP_99945,ep:Civility_FR.,ep:Gender_F,ep:Status_ACTIVE,ep:Country_DE,ep:Body_GP-PPE-5153
Ehler,Christian,28226,ep:MEP_28226,ep:Civility_DR.,ep:Gender_M,ep:Status_ACTIVE,ep:Country_DE,ep:Body_GP-PPE-5153
Eickhout,Bas,96725,ep:MEP_96725,ep:Civility_DE HEER,ep:Gender_M,ep:Status_ACTIVE,ep:Country_NL,ep:Body_GP-Verts/ALE-5155
Eppink,Derk Jan,97133,ep:MEP_97133,ep:Civility_DE HEER,ep:Gender_M,ep:Status_ACTIVE,ep:Country_NL,ep:Body_GP-ECR-5148
Ernst,Cornelia,96852,ep:MEP_96852,ep:Civility_DR.,ep:Gender_F,ep:Status_ACTIVE,ep:Country_DE,ep:Body_GP-GUE/NGL-5151
Eroglu,Engin,197430,ep:MEP_197430,ep:Civility_HR.,ep:Gender_M,ep:Status_ACTIVE,ep:Country_DE,ep:Body_GP-Renew-5704
Ertug,Ismail,96842,ep:MEP_96842,ep:Civility_HR.,ep:Gender_M,ep:Status_ACTIVE,ep:Country_DE,ep:Body_GP-S&D-5154
Estaràs Ferragut,Rosa,96811,ep:MEP_96811,ep:Civility_SRA.,ep:Gender_F,ep:Status_ACTIVE,ep:Country_ES,ep:Body_GP-PPE-5153
Evi,Eleonora,124779,ep:MEP_124779,ep:Civility_ON.LE,ep:Gender_F,ep:Status_ACTIVE,ep:Country_IT,ep:Body_GP-NI-5152
Evren,Agnès,197535,ep:MEP_197535,ep:Civility_MME,ep:Gender_F,ep:Status_ACTIVE,ep:Country_FR,ep:Body_GP-PPE-5153
Fajon,Tanja,96911,ep:MEP_96911,ep:Civility_GA.,ep:Gender_F,ep:Status_ACTIVE,ep:Country_SI,ep:Body_GP-S&D-5154
Falcă,Gheorghe,197649,ep:MEP_197649,ep:Civility_DI,ep:Gender_M,ep:Status_ACTIVE,ep:Country_RO,ep:Body_GP-PPE-5153
Farreng,Laurence,197589,ep:MEP_197589,null,ep:Gender_F,ep:Status_ACTIVE,ep:Country_FR,ep:Body_GP-Renew-5704
Federley,Fredrick,124989,ep:MEP_124989,ep:Civility_HERR,ep:Gender_M,ep:Status_ACTIVE,ep:Country_SE,ep:Body_GP-Renew-5704
Ferber,Markus,1917,ep:MEP_1917,ep:Civility_HR.,ep:Gender_M,ep:Status_ACTIVE,ep:Country_DE,ep:Body_GP-PPE-5153
Fernandes,José Manuel,96899,ep:MEP_96899,ep:Civility_SR2,ep:Gender_M,ep:Status_ACTIVE,ep:Country_PT,ep:Body_GP-PPE-5153
Fernández,Jonás,125046,ep:MEP_125046,ep:Civility_SR.,ep:Gender_M,ep:Status_ACTIVE,ep:Country_ES,ep:Body_GP-S&D-5154
Ferrandino,Giuseppe,192634,ep:MEP_192634,ep:Civility_ON.LE,ep:Gender_M,ep:Status_ACTIVE,ep:Country_IT,ep:Body_GP-S&D-5154
Ferrara,Laura,124833,ep:MEP_124833,ep:Civility_ON.LE,ep:Gender_F,ep:Status_ACTIVE,ep:Country_IT,ep:Body_GP-NI-5152
Ferreira,João,96706,ep:MEP_96706,ep:Civility_SR2,ep:Gender_M,ep:Status_ACTIVE,ep:Country_PT,ep:Body_GP-GUE/NGL-5151
Fest,Nicolaus,197480,ep:MEP_197480,ep:Civility_HR.,ep:Gender_M,ep:Status_ACTIVE,ep:Country_DE,ep:Body_GP-ID-5588
Fidanza,Carlo,96810,ep:MEP_96810,ep:Civility_ON.LE,ep:Gender_M,ep:Status_ACTIVE,ep:Country_IT,ep:Body_GP-ECR-5148
Fiocchi,Pietro,197607,ep:MEP_197607,null,ep:Gender_M,ep:Status_ACTIVE,ep:Country_IT,ep:Body_GP-ECR-5148
Fitto,Raffaele,4465,ep:MEP_4465,ep:Civility_ON.LE,ep:Gender_M,ep:Status_ACTIVE,ep:Country_IT,ep:Body_GP-ECR-5148
Fitzgerald,Frances,197720,ep:MEP_197720,null,ep:Gender_F,ep:Status_ACTIVE,ep:Country_IE,ep:Body_GP-PPE-5153
Flanagan,Luke Ming,124985,ep:MEP_124985,ep:Civility_MR.,ep:Gender_M,ep:Status_ACTIVE,ep:Country_IE,ep:Body_GP-GUE/NGL-5151
Flego,Valter,197419,ep:MEP_197419,null,ep:Gender_M,ep:Status_ACTIVE,ep:Country_SI,ep:Body_GP-Renew-5704
Fotyga,Anna,28353,ep:MEP_28353,ep:Civility_PANI ,ep:Gender_F,ep:Status_ACTIVE,ep:Country_PL,ep:Body_GP-ECR-5148
Fourlas,Loucas,197414,ep:MEP_197414,null,ep:Gender_M,ep:Status_ACTIVE,ep:Country_CY,ep:Body_GP-PPE-5153
Fragkos,Emmanouil,198490,ep:MEP_198490,null,ep:Gender_M,ep:Status_ACTIVE,ep:Country_GR,ep:Body_GP-ECR-5148
Frankowski,Tomasz,197513,ep:MEP_197513,null,ep:Gender_M,ep:Status_ACTIVE,ep:Country_PL,ep:Body_GP-PPE-5153
Franssen,Cindy,197455,ep:MEP_197455,null,ep:Gender_F,ep:Status_ACTIVE,ep:Country_BE,ep:Body_GP-PPE-5153
Franz,Romeo,193273,ep:MEP_193273,ep:Civility_HR.,ep:Gender_M,ep:Status_ACTIVE,ep:Country_DE,ep:Body_GP-Verts/ALE-5155
Freund,Daniel,106936,ep:MEP_106936,ep:Civility_HR.,ep:Gender_M,ep:Status_ACTIVE,ep:Country_DE,ep:Body_GP-Verts/ALE-5155
Fritzon,Heléne,197391,ep:MEP_197391,ep:Civility_FRU,ep:Gender_F,ep:Status_ACTIVE,ep:Country_SE,ep:Body_GP-S&D-5154
Fuglsang,Niels,101585,ep:MEP_101585,ep:Civility_HR.DA,ep:Gender_M,ep:Status_ACTIVE,ep:Country_DK,ep:Body_GP-S&D-5154
Furore,Mario,197795,ep:MEP_197795,null,ep:Gender_M,ep:Status_ACTIVE,ep:Country_IT,ep:Body_GP-NI-5152
Gade,Søren,197555,ep:MEP_197555,ep:Civility_HR.DA,ep:Gender_M,ep:Status_ACTIVE,ep:Country_DK,ep:Body_GP-Renew-5704
Gahler,Michael,2341,ep:MEP_2341,ep:Civility_HR.,ep:Gender_M,ep:Status_ACTIVE,ep:Country_DE,ep:Body_GP-PPE-5153
Gamon,Claudia,197632,ep:MEP_197632,ep:Civility_FR.,ep:Gender_F,ep:Status_ACTIVE,null,ep:Body_GP-Renew-5704
Gancia,Gianna,197582,ep:MEP_197582,null,ep:Gender_F,ep:Status_ACTIVE,ep:Country_IT,ep:Body_GP-ID-5588
García Del Blanco,Ibán,197717,ep:MEP_197717,null,ep:Gender_M,ep:Status_ACTIVE,ep:Country_ES,ep:Body_GP-S&D-5154
García Muñoz,Isabel,197742,ep:MEP_197742,null,ep:Gender_F,ep:Status_ACTIVE,ep:Country_ES,ep:Body_GP-S&D-5154
García Pérez,Iratxe,28298,ep:MEP_28298,ep:Civility_SRA.,ep:Gender_F,ep:Status_ACTIVE,ep:Country_ES,ep:Body_GP-S&D-5154
García-Margallo y Marfil,José Manuel,1992,ep:MEP_1992,ep:Civility_SR.,ep:Gender_M,ep:Status_ACTIVE,ep:Country_ES,ep:Body_GP-PPE-5153
Gardiazabal Rubial,Eider,96991,ep:MEP_96991,ep:Civility_SRA.,ep:Gender_F,ep:Status_ACTIVE,ep:Country_ES,ep:Body_GP-S&D-5154
Garicano,Luis,197554,ep:MEP_197554,null,ep:Gender_M,ep:Status_ACTIVE,ep:Country_ES,ep:Body_GP-Renew-5704
Garraud,Jean-Paul,197628,ep:MEP_197628,null,ep:Gender_M,ep:Status_ACTIVE,ep:Country_FR,ep:Body_GP-ID-5588
Gebhardt,Evelyne,1913,ep:MEP_1913,ep:Civility_FR.,ep:Gender_F,ep:Status_ACTIVE,ep:Country_FR,ep:Body_GP-S&D-5154
Geese,Alexandra,183916,ep:MEP_183916,ep:Civility_FR.,ep:Gender_F,ep:Status_ACTIVE,ep:Country_DE,ep:Body_GP-Verts/ALE-5155
Geier,Jens,96833,ep:MEP_96833,ep:Civility_HR.,ep:Gender_M,ep:Status_ACTIVE,ep:Country_DE,ep:Body_GP-S&D-5154
Gemma,Chiara,197794,ep:MEP_197794,null,ep:Gender_F,ep:Status_ACTIVE,ep:Country_IT,ep:Body_GP-NI-5152
Georgiou,Giorgos,197416,ep:MEP_197416,null,ep:Gender_M,ep:Status_ACTIVE,ep:Country_CY,ep:Body_GP-GUE/NGL-5151
Georgoulis,Alexis,197819,ep:MEP_197819,null,ep:Gender_M,ep:Status_ACTIVE,ep:Country_GR,ep:Body_GP-GUE/NGL-5151
Geuking,Helmut,197436,ep:MEP_197436,ep:Civility_HR.,ep:Gender_M,ep:Status_ACTIVE,ep:Country_DE,ep:Body_GP-ECR-5148
Ghinea,Cristian,197661,ep:MEP_197661,ep:Civility_DI,ep:Gender_M,ep:Status_ACTIVE,ep:Country_RO,ep:Body_GP-Renew-5704
Giarrusso,Dino,197804,ep:MEP_197804,null,ep:Gender_M,ep:Status_ACTIVE,ep:Country_IT,ep:Body_GP-NI-5152
Giegold,Sven,96730,ep:MEP_96730,ep:Civility_HR.,ep:Gender_M,ep:Status_ACTIVE,ep:Country_ES,ep:Body_GP-Verts/ALE-5155
Gieseke,Jens,124807,ep:MEP_124807,ep:Civility_HR.,ep:Gender_M,ep:Status_ACTIVE,ep:Country_DE,ep:Body_GP-PPE-5153
Glavak,Sunčana,202036,ep:MEP_202036,null,ep:Gender_F,ep:Status_ACTIVE,ep:Country_HR,ep:Body_GP-PPE-5153
Glucksmann,Raphaël,197694,ep:MEP_197694,null,ep:Gender_M,ep:Status_ACTIVE,ep:Country_FR,ep:Body_GP-S&D-5154
Glück,Andreas,197443,ep:MEP_197443,ep:Civility_HR.,ep:Gender_M,ep:Status_ACTIVE,ep:Country_DE,ep:Body_GP-Renew-5704
Goerens,Charles,840,ep:MEP_840,ep:Civility_M.,ep:Gender_M,ep:Status_ACTIVE,ep:Country_LU,ep:Body_GP-Renew-5704
González,Mónica Silvana,197728,ep:MEP_197728,null,ep:Gender_F,ep:Status_ACTIVE,ep:Country_AR,ep:Body_GP-S&D-5154
González Casares,Nicolás,197718,ep:MEP_197718,null,ep:Gender_M,ep:Status_ACTIVE,ep:Country_ES,ep:Body_GP-S&D-5154
González Pons,Esteban,125027,ep:MEP_125027,ep:Civility_SR.,ep:Gender_M,ep:Status_ACTIVE,ep:Country_ES,ep:Body_GP-PPE-5153
Gozi,Sandro,204419,ep:MEP_204419,null,ep:Gender_M,ep:Status_ACTIVE,ep:Country_IT,ep:Body_GP-Renew-5704
Grant,Valentino,197799,ep:MEP_197799,null,ep:Gender_M,ep:Status_ACTIVE,ep:Country_IT,ep:Body_GP-ID-5588
Grapini,Maria,124785,ep:MEP_124785,ep:Civility_D-NA,ep:Gender_F,ep:Status_ACTIVE,ep:Country_RO,ep:Body_GP-S&D-5154
Gregorová,Markéta,197549,ep:MEP_197549,null,ep:Gender_F,ep:Status_ACTIVE,ep:Country_CZ,ep:Body_GP-Verts/ALE-5155
Griset,Catherine,94649,ep:MEP_94649,ep:Civility_MME,ep:Gender_F,ep:Status_ACTIVE,ep:Country_FR,ep:Body_GP-ID-5588
Groothuis,Bart,197780,ep:MEP_197780,null,ep:Gender_M,ep:Status_ACTIVE,ep:Country_NL,ep:Body_GP-Renew-5704
Grošelj,Klemen,197452,ep:MEP_197452,null,ep:Gender_M,ep:Status_ACTIVE,ep:Country_SI,ep:Body_GP-Renew-5704
Grudler,Christophe,197557,ep:MEP_197557,null,ep:Gender_M,ep:Status_ACTIVE,ep:Country_FR,ep:Body_GP-Renew-5704
Gruffat,Claude,204420,ep:MEP_204420,null,ep:Gender_M,ep:Status_ACTIVE,ep:Country_FR,ep:Body_GP-Verts/ALE-5155
Gualmini,Elisabetta,197618,ep:MEP_197618,null,ep:Gender_F,ep:Status_ACTIVE,ep:Country_IT,ep:Body_GP-S&D-5154
Guerreiro,Francisco,197645,ep:MEP_197645,null,ep:Gender_M,ep:Status_ACTIVE,ep:Country_PT,ep:Body_GP-Verts/ALE-5155
Guetta,Bernard,197543,ep:MEP_197543,null,ep:Gender_M,ep:Status_ACTIVE,ep:Country_FR,ep:Body_GP-Renew-5704
Guillaume,Sylvie,96952,ep:MEP_96952,ep:Civility_MME,ep:Gender_F,ep:Status_ACTIVE,ep:Country_FR,ep:Body_GP-S&D-5154
Gusmão,José,88715,ep:MEP_88715,ep:Civility_M.,ep:Gender_M,ep:Status_ACTIVE,ep:Country_PT,ep:Body_GP-GUE/NGL-5151
Guteland,Jytte,124991,ep:MEP_124991,ep:Civility_FRU,ep:Gender_F,ep:Status_ACTIVE,ep:Country_SE,ep:Body_GP-S&D-5154
Gyöngyösi,Márton,198063,ep:MEP_198063,null,ep:Gender_M,ep:Status_ACTIVE,ep:Country_HU,ep:Body_GP-NI-5152
Gyürk,András,23816,ep:MEP_23816,ep:Civility_UR,ep:Gender_M,ep:Status_ACTIVE,ep:Country_HU,ep:Body_GP-PPE-5153
Győri,Enikő,96830,ep:MEP_96830,ep:Civility_URHOLGY,ep:Gender_F,ep:Status_ACTIVE,ep:Country_HU,ep:Body_GP-PPE-5153
Gál,Kinga,28150,ep:MEP_28150,ep:Civility_DR,ep:Gender_F,ep:Status_ACTIVE,ep:Country_RO,ep:Body_GP-PPE-5153
Gálvez Muñoz,Lina,197702,ep:MEP_197702,null,ep:Gender_F,ep:Status_ACTIVE,ep:Country_ES,ep:Body_GP-S&D-5154
Hahn,Henrike,197457,ep:MEP_197457,ep:Civility_FR.,ep:Gender_F,ep:Status_ACTIVE,ep:Country_DE,ep:Body_GP-Verts/ALE-5155
Hahn,Svenja,197444,ep:MEP_197444,ep:Civility_FR.,ep:Gender_F,ep:Status_ACTIVE,ep:Country_DE,ep:Body_GP-Renew-5704
Haider,Roman,198176,ep:MEP_198176,ep:Civility_HR.,ep:Gender_M,ep:Status_ACTIVE,ep:Country_AT,ep:Body_GP-ID-5588
Hajšel,Robert,34578,ep:MEP_34578,ep:Civility_M.,ep:Gender_M,ep:Status_ACTIVE,ep:Country_SK,ep:Body_GP-S&D-5154
Hakkarainen,Teuvo,197596,ep:MEP_197596,null,ep:Gender_M,ep:Status_ACTIVE,ep:Country_FI,ep:Body_GP-ID-5588
Halicki,Andrzej,197514,ep:MEP_197514,null,ep:Gender_M,ep:Status_ACTIVE,ep:Country_PL,ep:Body_GP-PPE-5153
Hansen,Christophe,193419,ep:MEP_193419,null,ep:Gender_M,ep:Status_ACTIVE,ep:Country_LU,ep:Body_GP-PPE-5153
Hautala,Heidi,2054,ep:MEP_2054,null,ep:Gender_F,ep:Status_ACTIVE,ep:Country_FI,ep:Body_GP-Verts/ALE-5155
Hava,Mircea-Gheorghe,197646,ep:MEP_197646,ep:Civility_DI,ep:Gender_M,ep:Status_ACTIVE,ep:Country_RO,ep:Body_GP-PPE-5153
Hayer,Valerie,135511,ep:MEP_135511,null,ep:Gender_F,ep:Status_ACTIVE,ep:Country_FR,ep:Body_GP-Renew-5704
Hazekamp,Anja,125023,ep:MEP_125023,ep:Civility_MEVR.,ep:Gender_F,ep:Status_ACTIVE,ep:Country_NL,ep:Body_GP-GUE/NGL-5151
Heide,Hannes,197682,ep:MEP_197682,null,ep:Gender_M,ep:Status_ACTIVE,ep:Country_AT,ep:Body_GP-S&D-5154
Heinäluoma,Eero,197800,ep:MEP_197800,null,ep:Gender_M,ep:Status_ACTIVE,ep:Country_FI,ep:Body_GP-S&D-5154
Herbst,Niclas,197412,ep:MEP_197412,ep:Civility_HR.,ep:Gender_M,ep:Status_ACTIVE,ep:Country_DE,ep:Body_GP-PPE-5153
Herzberger-Fofana,Pierrette,197459,ep:MEP_197459,ep:Civility_DR,ep:Gender_F,ep:Status_ACTIVE,ep:Country_ML,ep:Body_GP-Verts/ALE-5155
Hetman,Krzysztof,124895,ep:MEP_124895,ep:Civility_PAN ,ep:Gender_M,ep:Status_ACTIVE,ep:Country_PL,ep:Body_GP-PPE-5153
Hidvéghi,Balázs,124586,ep:MEP_124586,ep:Civility_UR,ep:Gender_M,ep:Status_ACTIVE,ep:Country_HU,ep:Body_GP-PPE-5153
Hlaváček,Martin,197526,ep:MEP_197526,null,ep:Gender_M,ep:Status_ACTIVE,ep:Country_CZ,ep:Body_GP-Renew-5704
Hohlmeier,Monika,96780,ep:MEP_96780,ep:Civility_FR.,ep:Gender_F,ep:Status_ACTIVE,ep:Country_DE,ep:Body_GP-PPE-5153
Hojsík,Martin,197770,ep:MEP_197770,null,ep:Gender_M,ep:Status_ACTIVE,ep:Country_SK,ep:Body_GP-Renew-5704
Holmgren,Pär,197398,ep:MEP_197398,ep:Civility_HERR,ep:Gender_M,ep:Status_ACTIVE,ep:Country_SE,ep:Body_GP-Verts/ALE-5155
Homs Ginel,Alicia,122978,ep:MEP_122978,null,ep:Gender_F,ep:Status_ACTIVE,ep:Country_ES,ep:Body_GP-S&D-5154
Hortefeux,Brice,5565,ep:MEP_5565,ep:Civility_M.,ep:Gender_M,ep:Status_ACTIVE,ep:Country_FR,ep:Body_GP-PPE-5153
Hristov,Ivo,197846,ep:MEP_197846,null,ep:Gender_M,ep:Status_ACTIVE,ep:Country_TR,ep:Body_GP-S&D-5154
Huhtasaari,Laura,197594,ep:MEP_197594,null,ep:Gender_F,ep:Status_ACTIVE,ep:Country_FI,ep:Body_GP-ID-5588
Huitema,Jan,58789,ep:MEP_58789,ep:Civility_DE HEER,ep:Gender_M,ep:Status_ACTIVE,ep:Country_NL,ep:Body_GP-Renew-5704
Häusling,Martin,96752,ep:MEP_96752,ep:Civility_HR.,ep:Gender_M,ep:Status_ACTIVE,ep:Country_DE,ep:Body_GP-Verts/ALE-5155
Hölvényi,György,124715,ep:MEP_124715,ep:Civility_UR,ep:Gender_M,ep:Status_ACTIVE,ep:Country_HU,ep:Body_GP-PPE-5153
Hübner,Danuta Maria,96779,ep:MEP_96779,ep:Civility_PANI ,ep:Gender_F,ep:Status_ACTIVE,ep:Country_PL,ep:Body_GP-PPE-5153
Ijabs,Ivars,197624,ep:MEP_197624,null,ep:Gender_M,ep:Status_ACTIVE,ep:Country_LV,ep:Body_GP-Renew-5704
Incir,Evin,197392,ep:MEP_197392,ep:Civility_FRU,ep:Gender_F,ep:Status_ACTIVE,ep:Country_TR,ep:Body_GP-S&D-5154
Jadot,Yannick,96740,ep:MEP_96740,ep:Civility_M.,ep:Gender_M,ep:Status_ACTIVE,ep:Country_FR,ep:Body_GP-Verts/ALE-5155
Jahr,Peter,96772,ep:MEP_96772,ep:Civility_DR.,ep:Gender_M,ep:Status_ACTIVE,ep:Country_DE,ep:Body_GP-PPE-5153
Jakeliūnas,Stasys,197837,ep:MEP_197837,null,ep:Gender_M,ep:Status_ACTIVE,ep:Country_KZ,ep:Body_GP-Verts/ALE-5155
Jaki,Patryk,197516,ep:MEP_197516,null,ep:Gender_M,ep:Status_ACTIVE,ep:Country_PL,ep:Body_GP-ECR-5148
Jalkh,Jean-François,124770,ep:MEP_124770,ep:Civility_M.,ep:Gender_M,ep:Status_ACTIVE,ep:Country_FR,ep:Body_GP-ID-5588
Jamet,France,189065,ep:MEP_189065,ep:Civility_MME,ep:Gender_F,ep:Status_ACTIVE,ep:Country_FR,ep:Body_GP-ID-5588
Jarubas,Adam,197517,ep:MEP_197517,null,ep:Gender_M,ep:Status_ACTIVE,ep:Country_PL,ep:Body_GP-PPE-5153
Jerković,Romana,112747,ep:MEP_112747,null,ep:Gender_F,ep:Status_ACTIVE,ep:Country_HR,ep:Body_GP-S&D-5154
Jongerius,Agnes,125021,ep:MEP_125021,ep:Civility_MEVR.,ep:Gender_F,ep:Status_ACTIVE,ep:Country_NL,ep:Body_GP-S&D-5154
Joron,Virginie,197627,ep:MEP_197627,null,ep:Gender_F,ep:Status_ACTIVE,ep:Country_FR,ep:Body_GP-ID-5588
Joveva,Irena,197447,ep:MEP_197447,null,ep:Gender_F,ep:Status_ACTIVE,ep:Country_SI,ep:Body_GP-Renew-5704
Juknevičienė,Rasa,197840,ep:MEP_197840,null,ep:Gender_F,ep:Status_ACTIVE,ep:Country_LT,ep:Body_GP-PPE-5153
Jurgiel,Krzysztof,197518,ep:MEP_197518,null,ep:Gender_M,ep:Status_ACTIVE,ep:Country_PL,ep:Body_GP-ECR-5148
Jurzyca,Eugen,197767,ep:MEP_197767,null,ep:Gender_M,ep:Status_ACTIVE,ep:Country_SK,ep:Body_GP-ECR-5148
Juvin,Herve,197626,ep:MEP_197626,null,ep:Gender_M,ep:Status_ACTIVE,ep:Country_FR,ep:Body_GP-ID-5588
Járóka,Lívia,28141,ep:MEP_28141,ep:Civility_URHOLGY,ep:Gender_F,ep:Status_ACTIVE,ep:Country_HU,ep:Body_GP-PPE-5153
Kaili,Eva,125109,ep:MEP_125109,ep:Civility_KA,ep:Gender_F,ep:Status_ACTIVE,ep:Country_GR,ep:Body_GP-S&D-5154
Kalinowski,Jarosław,96771,ep:MEP_96771,ep:Civility_PAN ,ep:Gender_M,ep:Status_ACTIVE,ep:Country_PL,ep:Body_GP-PPE-5153
Kaljurand,Marina,197491,ep:MEP_197491,null,ep:Gender_F,ep:Status_ACTIVE,ep:Country_EE,ep:Body_GP-S&D-5154
Kalniete,Sandra,96934,ep:MEP_96934,ep:Civility_KUNDZE,ep:Gender_F,ep:Status_ACTIVE,ep:Country_RU,ep:Body_GP-PPE-5153
Kammerevert,Petra,96837,ep:MEP_96837,ep:Civility_FR.,ep:Gender_F,ep:Status_ACTIVE,ep:Country_DE,ep:Body_GP-S&D-5154
Kanev,Radan,197839,ep:MEP_197839,null,ep:Gender_M,ep:Status_ACTIVE,ep:Country_BG,ep:Body_GP-PPE-5153
Kanko,Assita,197469,ep:MEP_197469,null,ep:Gender_F,ep:Status_ACTIVE,ep:Country_BF,ep:Body_GP-ECR-5148
Karas,Othmar,4246,ep:MEP_4246,ep:Civility_DR.,ep:Gender_M,ep:Status_ACTIVE,ep:Country_AT,ep:Body_GP-PPE-5153
Karleskind,Pierre,197585,ep:MEP_197585,null,ep:Gender_M,ep:Status_ACTIVE,ep:Country_FR,ep:Body_GP-Renew-5704
Karlsbro,Karin,197401,ep:MEP_197401,ep:Civility_FRU,ep:Gender_F,ep:Status_ACTIVE,ep:Country_SE,ep:Body_GP-Renew-5704
Karski,Karol,124887,ep:MEP_124887,null,ep:Gender_M,ep:Status_ACTIVE,ep:Country_PL,ep:Body_GP-ECR-5148
Katainen,Elsi,191693,ep:MEP_191693,ep:Civility_RVA,ep:Gender_F,ep:Status_ACTIVE,ep:Country_FI,ep:Body_GP-Renew-5704
Kefalogiannis,Manolis,125068,ep:MEP_125068,ep:Civility_KO.,ep:Gender_M,ep:Status_ACTIVE,ep:Country_GR,ep:Body_GP-PPE-5153
Kelleher,Billy,197818,ep:MEP_197818,null,ep:Gender_M,ep:Status_ACTIVE,ep:Country_IE,ep:Body_GP-Renew-5704
Keller,Fabienne,22858,ep:MEP_22858,ep:Civility_MME,ep:Gender_F,ep:Status_ACTIVE,ep:Country_FR,ep:Body_GP-Renew-5704
Keller,Ska,96734,ep:MEP_96734,ep:Civility_FR.,ep:Gender_F,ep:Status_ACTIVE,ep:Country_DE,ep:Body_GP-Verts/ALE-5155
Kelly,Seán,96668,ep:MEP_96668,ep:Civility_MR.,ep:Gender_M,ep:Status_ACTIVE,ep:Country_IE,ep:Body_GP-PPE-5153
Kempa,Beata,197519,ep:MEP_197519,ep:Civility_PANI ,ep:Gender_F,ep:Status_ACTIVE,ep:Country_PL,ep:Body_GP-ECR-5148
Kizilyürek,Niyazi,197415,ep:MEP_197415,ep:Civility_DR,ep:Gender_M,ep:Status_ACTIVE,ep:Country_CY,ep:Body_GP-GUE/NGL-5151
Kloc,Izabela-Helena,197520,ep:MEP_197520,null,ep:Gender_F,ep:Status_ACTIVE,ep:Country_PL,ep:Body_GP-ECR-5148
Knotek,Ondřej,197528,ep:MEP_197528,null,ep:Gender_M,ep:Status_ACTIVE,ep:Country_CZ,ep:Body_GP-Renew-5704
Kofod,Peter,197570,ep:MEP_197570,ep:Civility_HR.DA,ep:Gender_M,ep:Status_ACTIVE,ep:Country_DK,ep:Body_GP-ID-5588
Kohut,Łukasz,197523,ep:MEP_197523,null,ep:Gender_M,ep:Status_ACTIVE,ep:Country_PL,ep:Body_GP-S&D-5154
Kokalari,Arba,197406,ep:MEP_197406,null,ep:Gender_F,ep:Status_ACTIVE,ep:Country_SE,ep:Body_GP-PPE-5153
Kokkalis,Petros,197743,ep:MEP_197743,null,ep:Gender_M,ep:Status_ACTIVE,ep:Country_GR,ep:Body_GP-GUE/NGL-5151
Kolaja,Marcel,197546,ep:MEP_197546,null,ep:Gender_M,ep:Status_ACTIVE,ep:Country_CZ,ep:Body_GP-Verts/ALE-5155
Kolakušić,Mislav,197438,ep:MEP_197438,null,ep:Gender_M,ep:Status_ACTIVE,null,ep:Body_GP-NI-5152
Konečná,Kateřina,23699,ep:MEP_23699,ep:Civility_PANI,ep:Gender_F,ep:Status_ACTIVE,ep:Country_CZ,ep:Body_GP-GUE/NGL-5151
Konstantinou,Athanasios,197740,ep:MEP_197740,null,ep:Gender_M,ep:Status_ACTIVE,ep:Country_GR,ep:Body_GP-NI-5152
Kopacz,Ewa,197525,ep:MEP_197525,null,ep:Gender_F,ep:Status_ACTIVE,ep:Country_PL,ep:Body_GP-PPE-5153
Kopcińska,Joanna,197530,ep:MEP_197530,null,ep:Gender_F,ep:Status_ACTIVE,ep:Country_PL,ep:Body_GP-ECR-5148
Kouloglou,Stelios,130833,ep:MEP_130833,ep:Civility_KO.,ep:Gender_M,ep:Status_ACTIVE,ep:Country_GR,ep:Body_GP-GUE/NGL-5151
Kountoura,Elena,197699,ep:MEP_197699,null,ep:Gender_F,ep:Status_ACTIVE,ep:Country_GR,ep:Body_GP-GUE/NGL-5151
Kovatchev,Andrey,97968,ep:MEP_97968,ep:Civility_GN,ep:Gender_M,ep:Status_ACTIVE,ep:Country_BG,ep:Body_GP-PPE-5153
Kovařík,Ondřej,118949,ep:MEP_118949,ep:Civility_PAN,ep:Gender_M,ep:Status_ACTIVE,ep:Country_CZ,ep:Body_GP-Renew-5704
Krah,Maximilian,197481,ep:MEP_197481,ep:Civility_DR.,ep:Gender_M,ep:Status_ACTIVE,ep:Country_DE,ep:Body_GP-ID-5588
Krasnodębski,Zdzisław,124891,ep:MEP_124891,null,ep:Gender_M,ep:Status_ACTIVE,ep:Country_PL,ep:Body_GP-ECR-5148
Krehl,Constanze,1854,ep:MEP_1854,ep:Civility_FR.,ep:Gender_F,ep:Status_ACTIVE,ep:Country_DE,ep:Body_GP-S&D-5154
Kruk,Elżbieta,197532,ep:MEP_197532,null,ep:Gender_F,ep:Status_ACTIVE,ep:Country_PL,ep:Body_GP-ECR-5148
Kubilius,Andrius,197843,ep:MEP_197843,null,ep:Gender_M,ep:Status_ACTIVE,ep:Country_LT,ep:Body_GP-PPE-5153
Kuhnke,Alice,197395,ep:MEP_197395,ep:Civility_FRU,ep:Gender_F,ep:Status_ACTIVE,ep:Country_SE,ep:Body_GP-Verts/ALE-5155
Kuhs,Joachim,197482,ep:MEP_197482,ep:Civility_HR.,ep:Gender_M,ep:Status_ACTIVE,ep:Country_DE,ep:Body_GP-ID-5588
Kumpula-Natri,Miapetra,124735,ep:MEP_124735,ep:Civility_RVA,ep:Gender_F,ep:Status_ACTIVE,ep:Country_FI,ep:Body_GP-S&D-5154
Kuźmiuk,Zbigniew,28389,ep:MEP_28389,ep:Civility_PAN ,ep:Gender_M,ep:Status_ACTIVE,ep:Country_PL,ep:Body_GP-ECR-5148
Kympouropoulos,Stelios,197692,ep:MEP_197692,null,ep:Gender_M,ep:Status_ACTIVE,ep:Country_GR,ep:Body_GP-PPE-5153
Kyrtsos,Georgios,125063,ep:MEP_125063,ep:Civility_KO.,ep:Gender_M,ep:Status_ACTIVE,ep:Country_GR,ep:Body_GP-PPE-5153
Kyuchyuk,Ilhan,124866,ep:MEP_124866,ep:Civility_GN,ep:Gender_M,ep:Status_ACTIVE,ep:Country_BG,ep:Body_GP-Renew-5704
Kósa,Ádám,96829,ep:MEP_96829,ep:Civility_UR,ep:Gender_M,ep:Status_ACTIVE,ep:Country_HU,ep:Body_GP-PPE-5153
Körner,Moritz,197445,ep:MEP_197445,ep:Civility_HR.,ep:Gender_M,ep:Status_ACTIVE,ep:Country_DE,ep:Body_GP-Renew-5704
Köster,Dietmar,124822,ep:MEP_124822,ep:Civility_DR,ep:Gender_M,ep:Status_ACTIVE,ep:Country_DE,ep:Body_GP-S&D-5154
Lacapelle,Jean-Lin,204421,ep:MEP_204421,null,ep:Gender_M,ep:Status_ACTIVE,ep:Country_FR,ep:Body_GP-ID-5588
Lagodinsky,Sergey,197460,ep:MEP_197460,ep:Civility_DR.,ep:Gender_M,ep:Status_ACTIVE,ep:Country_RU,ep:Body_GP-Verts/ALE-5155
Lagos,Ioannis,197737,ep:MEP_197737,null,ep:Gender_M,ep:Status_ACTIVE,ep:Country_GR,ep:Body_GP-NI-5152
Lalucq,Aurore,197697,ep:MEP_197697,null,ep:Gender_F,ep:Status_ACTIVE,null,ep:Body_GP-S&D-5154
Lamberts,Philippe,96648,ep:MEP_96648,ep:Civility_M.,ep:Gender_M,ep:Status_ACTIVE,ep:Country_BE,ep:Body_GP-Verts/ALE-5155
Lancini,Danilo Oscar,192635,ep:MEP_192635,ep:Civility_ON.LE,ep:Gender_M,ep:Status_ACTIVE,ep:Country_IT,ep:Body_GP-ID-5588
Lange,Bernd,1909,ep:MEP_1909,ep:Civility_HR.,ep:Gender_M,ep:Status_ACTIVE,ep:Country_DE,ep:Body_GP-S&D-5154
Langensiepen,Katrin,197461,ep:MEP_197461,ep:Civility_FR.,ep:Gender_F,ep:Status_ACTIVE,ep:Country_DE,ep:Body_GP-Verts/ALE-5155
Laporte,Hélène,197597,ep:MEP_197597,null,ep:Gender_F,ep:Status_ACTIVE,ep:Country_FR,ep:Body_GP-ID-5588
Larrouturou,Pierre,197698,ep:MEP_197698,null,ep:Gender_M,ep:Status_ACTIVE,ep:Country_FR,ep:Body_GP-S&D-5154
Lebreton,Gilles,124738,ep:MEP_124738,ep:Civility_M.,ep:Gender_M,ep:Status_ACTIVE,ep:Country_FR,ep:Body_GP-ID-5588
Lechanteux,Julie,197686,ep:MEP_197686,null,ep:Gender_F,ep:Status_ACTIVE,ep:Country_FR,ep:Body_GP-ID-5588
Lega,David,197393,ep:MEP_197393,ep:Civility_HERR,ep:Gender_M,ep:Status_ACTIVE,null,ep:Body_GP-PPE-5153
Legutko,Ryszard Antoni,96796,ep:MEP_96796,ep:Civility_PAN ,ep:Gender_M,ep:Status_ACTIVE,ep:Country_PL,ep:Body_GP-ECR-5148
Leitão-Marques,Maria-Manuel,197635,ep:MEP_197635,null,ep:Gender_F,ep:Status_ACTIVE,ep:Country_MZ,ep:Body_GP-S&D-5154
Lenaers,Jeroen,95074,ep:MEP_95074,ep:Civility_DE HEER,ep:Gender_M,ep:Status_ACTIVE,ep:Country_NL,ep:Body_GP-PPE-5153
Lewandowski,Janusz,23781,ep:MEP_23781,ep:Civility_PAN ,ep:Gender_M,ep:Status_ACTIVE,ep:Country_PL,ep:Body_GP-PPE-5153
Lexmann,Miriam,204336,ep:MEP_204336,null,ep:Gender_F,ep:Status_ACTIVE,ep:Country_SK,ep:Body_GP-PPE-5153
Liberadzki,Bogusław,23768,ep:MEP_23768,ep:Civility_PAN ,ep:Gender_M,ep:Status_ACTIVE,ep:Country_PL,ep:Body_GP-S&D-5154
Liese,Peter,1927,ep:MEP_1927,ep:Civility_DR.,ep:Gender_M,ep:Status_ACTIVE,ep:Country_DE,ep:Body_GP-PPE-5153
Limmer,Sylvia,197483,ep:MEP_197483,ep:Civility_DR.,ep:Gender_F,ep:Status_ACTIVE,ep:Country_DE,ep:Body_GP-ID-5588
Lins,Norbert,124808,ep:MEP_124808,ep:Civility_HR.,ep:Gender_M,ep:Status_ACTIVE,ep:Country_DE,ep:Body_GP-PPE-5153
Lizzi,Elena,197611,ep:MEP_197611,null,ep:Gender_F,ep:Status_ACTIVE,ep:Country_IT,ep:Body_GP-ID-5588
Loiseau,Nathalie,197494,ep:MEP_197494,ep:Civility_MME,ep:Gender_F,ep:Status_ACTIVE,ep:Country_FR,ep:Body_GP-Renew-5704
Luena,César,197721,ep:MEP_197721,ep:Civility_DR,ep:Gender_M,ep:Status_ACTIVE,ep:Country_ES,ep:Body_GP-S&D-5154
Lundgren,Peter,124996,ep:MEP_124996,ep:Civility_HERR,ep:Gender_M,ep:Status_ACTIVE,ep:Country_SE,ep:Body_GP-ECR-5148
Lutgen,Benoît,197458,ep:MEP_197458,null,ep:Gender_M,ep:Status_ACTIVE,ep:Country_BE,ep:Body_GP-PPE-5153
López,Javi,125042,ep:MEP_125042,ep:Civility_SR.,ep:Gender_M,ep:Status_ACTIVE,ep:Country_ES,ep:Body_GP-S&D-5154
López Aguilar,Juan Fernando,96812,ep:MEP_96812,ep:Civility_SR.,ep:Gender_M,ep:Status_ACTIVE,ep:Country_ES,ep:Body_GP-S&D-5154
López Gil,Leopoldo,197777,ep:MEP_197777,null,ep:Gender_M,ep:Status_ACTIVE,ep:Country_VE,ep:Body_GP-PPE-5153
López-Istúriz White,Antonio,28399,ep:MEP_28399,ep:Civility_SR.,ep:Gender_M,ep:Status_ACTIVE,ep:Country_ES,ep:Body_GP-PPE-5153
Løkkegaard,Morten,96709,ep:MEP_96709,ep:Civility_HR.DA,ep:Gender_M,ep:Status_ACTIVE,ep:Country_DK,ep:Body_GP-Renew-5704
MacManus,Chris,205452,ep:MEP_205452,null,ep:Gender_M,ep:Status_ACTIVE,ep:Country_GB,ep:Body_GP-GUE/NGL-5151
Madison,Jaak,197493,ep:MEP_197493,null,ep:Gender_M,ep:Status_ACTIVE,ep:Country_EE,ep:Body_GP-ID-5588
Maestre Martín De Almagro,Cristina,197719,ep:MEP_197719,null,ep:Gender_F,ep:Status_ACTIVE,ep:Country_ES,ep:Body_GP-S&D-5154
Majorino,Pierfrancesco,197592,ep:MEP_197592,null,ep:Gender_M,ep:Status_ACTIVE,ep:Country_IT,ep:Body_GP-S&D-5154
Maldeikienė,Aušra,197835,ep:MEP_197835,null,ep:Gender_F,ep:Status_ACTIVE,ep:Country_LT,ep:Body_GP-PPE-5153
Maldonado López,Adriana,197735,ep:MEP_197735,null,ep:Gender_F,ep:Status_ACTIVE,ep:Country_ES,ep:Body_GP-S&D-5154
Manda,Claudiu,197653,ep:MEP_197653,ep:Civility_DI,ep:Gender_M,ep:Status_ACTIVE,ep:Country_RO,ep:Body_GP-S&D-5154
Manders,Antonius,4560,ep:MEP_4560,ep:Civility_DE HEER,ep:Gender_M,ep:Status_ACTIVE,ep:Country_NL,ep:Body_GP-PPE-5153
Mandl,Lukas,190713,ep:MEP_190713,ep:Civility_HR.,ep:Gender_M,ep:Status_ACTIVE,ep:Country_AT,ep:Body_GP-PPE-5153
Mariani,Thierry,197623,ep:MEP_197623,null,ep:Gender_M,ep:Status_ACTIVE,ep:Country_FR,ep:Body_GP-ID-5588
Marinescu,Marian-Jean,33982,ep:MEP_33982,ep:Civility_DI,ep:Gender_M,ep:Status_ACTIVE,ep:Country_RO,ep:Body_GP-PPE-5153
Marquardt,Erik,197462,ep:MEP_197462,ep:Civility_HR.,ep:Gender_M,ep:Status_ACTIVE,ep:Country_DE,ep:Body_GP-Verts/ALE-5155
Marques,Pedro,197634,ep:MEP_197634,null,ep:Gender_M,ep:Status_ACTIVE,ep:Country_PT,ep:Body_GP-S&D-5154
Marques,Margarida,197638,ep:MEP_197638,null,ep:Gender_F,ep:Status_ACTIVE,ep:Country_PT,ep:Body_GP-S&D-5154
Martusciello,Fulvio,124828,ep:MEP_124828,ep:Civility_AVV.,ep:Gender_M,ep:Status_ACTIVE,ep:Country_IT,ep:Body_GP-PPE-5153
Matias,Marisa,96820,ep:MEP_96820,ep:Civility_SRA2,ep:Gender_F,ep:Status_ACTIVE,ep:Country_PT,ep:Body_GP-GUE/NGL-5151
Matić,Predrag Fred,197441,ep:MEP_197441,null,ep:Gender_M,ep:Status_ACTIVE,ep:Country_HR,ep:Body_GP-S&D-5154
Mato,Gabriel,96936,ep:MEP_96936,ep:Civility_SR.,ep:Gender_M,ep:Status_ACTIVE,ep:Country_ES,ep:Body_GP-PPE-5153
Maurel,Emmanuel,24505,ep:MEP_24505,ep:Civility_M.,ep:Gender_M,ep:Status_ACTIVE,ep:Country_FR,ep:Body_GP-GUE/NGL-5151
Mavrides,Costas,124691,ep:MEP_124691,ep:Civility_KO.,ep:Gender_M,ep:Status_ACTIVE,ep:Country_CY,ep:Body_GP-S&D-5154
Maxová,Radka,197522,ep:MEP_197522,null,ep:Gender_F,ep:Status_ACTIVE,ep:Country_CZ,ep:Body_GP-Renew-5704
Maydell,Eva,98341,ep:MEP_98341,ep:Civility_GZHA,ep:Gender_F,ep:Status_ACTIVE,ep:Country_BG,ep:Body_GP-PPE-5153
Mayer,Georg,38511,ep:MEP_38511,ep:Civility_DR,ep:Gender_M,ep:Status_ACTIVE,ep:Country_AT,ep:Body_GP-ID-5588
Mazurek,Beata,197538,ep:MEP_197538,null,ep:Gender_F,ep:Status_ACTIVE,ep:Country_PL,ep:Body_GP-ECR-5148
Mažylis,Liudas,197841,ep:MEP_197841,ep:Civility_PONAS,ep:Gender_M,ep:Status_ACTIVE,ep:Country_LT,ep:Body_GP-PPE-5153
McAllister,David,124806,ep:MEP_124806,ep:Civility_HR.,ep:Gender_M,ep:Status_ACTIVE,ep:Country_DE,ep:Body_GP-PPE-5153
McGuinness,Mairead,28115,ep:MEP_28115,ep:Civility_MRS.,ep:Gender_F,ep:Status_ACTIVE,ep:Country_IE,ep:Body_GP-PPE-5153
Mebarek,Nora,204418,ep:MEP_204418,null,ep:Gender_F,ep:Status_ACTIVE,ep:Country_FR,ep:Body_GP-S&D-5154
Meimarakis,Vangelis,197662,ep:MEP_197662,null,ep:Gender_M,ep:Status_ACTIVE,ep:Country_GR,ep:Body_GP-PPE-5153
Melbārde,Dace,130256,ep:MEP_130256,ep:Civility_KUNDZE,ep:Gender_F,ep:Status_ACTIVE,ep:Country_LV,ep:Body_GP-ECR-5148
Melchior,Karen,197567,ep:MEP_197567,null,ep:Gender_F,ep:Status_ACTIVE,ep:Country_DK,ep:Body_GP-Renew-5704
Melo,Nuno,96978,ep:MEP_96978,ep:Civility_SR2,ep:Gender_M,ep:Status_ACTIVE,ep:Country_PT,ep:Body_GP-PPE-5153
Metsola,Roberta,118859,ep:MEP_118859,ep:Civility_IS-SINJURA,ep:Gender_F,ep:Status_ACTIVE,ep:Country_MT,ep:Body_GP-PPE-5153
Metz,Tilly,193292,ep:MEP_193292,ep:Civility_MME,ep:Gender_F,ep:Status_ACTIVE,ep:Country_LU,ep:Body_GP-Verts/ALE-5155
Meuthen,Jörg,190518,ep:MEP_190518,ep:Civility_HR.,ep:Gender_M,ep:Status_ACTIVE,ep:Country_DE,ep:Body_GP-ID-5588
Michels,Martina,120478,ep:MEP_120478,ep:Civility_FR.,ep:Gender_F,ep:Status_ACTIVE,ep:Country_DE,ep:Body_GP-GUE/NGL-5151
Mihaylova,Iskra,125128,ep:MEP_125128,ep:Civility_GZHA,ep:Gender_F,ep:Status_ACTIVE,ep:Country_BG,ep:Body_GP-Renew-5704
Mikser,Sven,197497,ep:MEP_197497,null,ep:Gender_M,ep:Status_ACTIVE,ep:Country_EE,ep:Body_GP-S&D-5154
Milazzo,Giuseppe,197824,ep:MEP_197824,null,ep:Gender_M,ep:Status_ACTIVE,ep:Country_IT,ep:Body_GP-PPE-5153
Miller,Leszek,197540,ep:MEP_197540,null,ep:Gender_M,ep:Status_ACTIVE,ep:Country_PL,ep:Body_GP-S&D-5154
Millán Mon,Francisco José,28400,ep:MEP_28400,ep:Civility_SR.,ep:Gender_M,ep:Status_ACTIVE,ep:Country_ES,ep:Body_GP-PPE-5153
Modig,Silvia,197805,ep:MEP_197805,null,ep:Gender_F,ep:Status_ACTIVE,ep:Country_FI,ep:Body_GP-GUE/NGL-5151
Molnár,Csaba,124722,ep:MEP_124722,ep:Civility_UR,ep:Gender_M,ep:Status_ACTIVE,ep:Country_HU,ep:Body_GP-S&D-5154
Monteiro de Aguiar,Cláudia,124734,ep:MEP_124734,ep:Civility_SRA2,ep:Gender_F,ep:Status_ACTIVE,ep:Country_PT,ep:Body_GP-PPE-5153
Montserrat,Dolors,197711,ep:MEP_197711,null,ep:Gender_F,ep:Status_ACTIVE,ep:Country_ES,ep:Body_GP-PPE-5153
Morano,Nadine,72779,ep:MEP_72779,ep:Civility_MME,ep:Gender_F,ep:Status_ACTIVE,ep:Country_FR,ep:Body_GP-PPE-5153
Moreno Sánchez,Javier,28347,ep:MEP_28347,ep:Civility_SR.,ep:Gender_M,ep:Status_ACTIVE,ep:Country_CH,ep:Body_GP-S&D-5154
Moretti,Alessandra,124799,ep:MEP_124799,ep:Civility_ON.LE,ep:Gender_F,ep:Status_ACTIVE,ep:Country_IT,ep:Body_GP-S&D-5154
Mortler,Marlene,197427,ep:MEP_197427,null,ep:Gender_F,ep:Status_ACTIVE,ep:Country_DE,ep:Body_GP-PPE-5153
Motreanu,Dan-Ştefan,197647,ep:MEP_197647,ep:Civility_DI,ep:Gender_M,ep:Status_ACTIVE,ep:Country_RO,ep:Body_GP-PPE-5153
Możdżanowska,Andżelika Anna,197541,ep:MEP_197541,null,ep:Gender_F,ep:Status_ACTIVE,ep:Country_PL,ep:Body_GP-ECR-5148
Mureşan,Siegfried,124802,ep:MEP_124802,ep:Civility_DI,ep:Gender_M,ep:Status_ACTIVE,ep:Country_RO,ep:Body_GP-PPE-5153
Mélin,Joëlle,124765,ep:MEP_124765,ep:Civility_MME,ep:Gender_F,ep:Status_ACTIVE,ep:Country_FR,ep:Body_GP-ID-5588
Müller,Ulrike,124862,ep:MEP_124862,ep:Civility_FR.,ep:Gender_F,ep:Status_ACTIVE,ep:Country_DE,ep:Body_GP-Renew-5704
Nagtegaal,Caroline,190519,ep:MEP_190519,ep:Civility_MEVR.,ep:Gender_F,ep:Status_ACTIVE,ep:Country_NL,ep:Body_GP-Renew-5704
Nart,Javier,125005,ep:MEP_125005,ep:Civility_SR.,ep:Gender_M,ep:Status_ACTIVE,ep:Country_ES,ep:Body_GP-Renew-5704
Negrescu,Victor,88882,ep:MEP_88882,ep:Civility_DI,ep:Gender_M,ep:Status_ACTIVE,ep:Country_RO,ep:Body_GP-S&D-5154
Neumann,Hannah,197464,ep:MEP_197464,ep:Civility_FR.,ep:Gender_F,ep:Status_ACTIVE,ep:Country_DE,ep:Body_GP-Verts/ALE-5155
Neuser,Norbert,96844,ep:MEP_96844,ep:Civility_HR.,ep:Gender_M,ep:Status_ACTIVE,ep:Country_DE,ep:Body_GP-S&D-5154
Nica,Dan,124784,ep:MEP_124784,ep:Civility_DI,ep:Gender_M,ep:Status_ACTIVE,ep:Country_RO,ep:Body_GP-S&D-5154
Niebler,Angelika,4289,ep:MEP_4289,null,ep:Gender_F,ep:Status_ACTIVE,ep:Country_DE,ep:Body_GP-PPE-5153
Niedermayer,Luděk,124701,ep:MEP_124701,ep:Civility_PAN,ep:Gender_M,ep:Status_ACTIVE,ep:Country_CZ,ep:Body_GP-PPE-5153
Nienaß,Niklas,197465,ep:MEP_197465,ep:Civility_HR.,ep:Gender_M,ep:Status_ACTIVE,ep:Country_DE,ep:Body_GP-Verts/ALE-5155
Niinistö,Ville,197802,ep:MEP_197802,null,ep:Gender_M,ep:Status_ACTIVE,ep:Country_FI,ep:Body_GP-Verts/ALE-5155
Nikolaou-Alavanos,Lefteris,197734,ep:MEP_197734,null,ep:Gender_M,ep:Status_ACTIVE,ep:Country_GR,ep:Body_GP-NI-5152
Nistor,Gheorghe-Vlad,202112,ep:MEP_202112,null,ep:Gender_M,ep:Status_ACTIVE,null,ep:Body_GP-PPE-5153
Noichl,Maria,124836,ep:MEP_124836,ep:Civility_FR.,ep:Gender_F,ep:Status_ACTIVE,ep:Country_DE,ep:Body_GP-S&D-5154
Novak,Ljudmila,28294,ep:MEP_28294,ep:Civility_GA.,ep:Gender_F,ep:Status_ACTIVE,ep:Country_SI,ep:Body_GP-PPE-5153
Novakov,Andrey,107212,ep:MEP_107212,ep:Civility_GN,ep:Gender_M,ep:Status_ACTIVE,ep:Country_BG,ep:Body_GP-PPE-5153
O'Sullivan,Grace,197889,ep:MEP_197889,null,ep:Gender_F,ep:Status_ACTIVE,ep:Country_IE,ep:Body_GP-Verts/ALE-5155
Ochojska,Janina,197542,ep:MEP_197542,null,ep:Gender_F,ep:Status_ACTIVE,ep:Country_PL,ep:Body_GP-PPE-5153
Oetjen,Jan-Christoph,197432,ep:MEP_197432,null,ep:Gender_M,ep:Status_ACTIVE,ep:Country_DE,ep:Body_GP-Renew-5704
Olbrycht,Jan,28288,ep:MEP_28288,ep:Civility_PAN ,ep:Gender_M,ep:Status_ACTIVE,ep:Country_PL,ep:Body_GP-PPE-5153
Olekas,Juozas,197838,ep:MEP_197838,null,ep:Gender_M,ep:Status_ACTIVE,ep:Country_RU,ep:Body_GP-S&D-5154
Olivier,Philippe,197687,ep:MEP_197687,ep:Civility_M.,ep:Gender_M,ep:Status_ACTIVE,ep:Country_FR,ep:Body_GP-ID-5588
Omarjee,Younous,30482,ep:MEP_30482,ep:Civility_M.,ep:Gender_M,ep:Status_ACTIVE,ep:Country_FR,ep:Body_GP-GUE/NGL-5151
Paet,Urmas,129073,ep:MEP_129073,ep:Civility_HR ,ep:Gender_M,ep:Status_ACTIVE,ep:Country_EE,ep:Body_GP-Renew-5704
Pagazaurtundúa,Maite,125038,ep:MEP_125038,ep:Civility_SRA.,ep:Gender_F,ep:Status_ACTIVE,ep:Country_ES,ep:Body_GP-Renew-5704
Panza,Alessandro,99283,ep:MEP_99283,null,ep:Gender_M,ep:Status_ACTIVE,ep:Country_IT,ep:Body_GP-ID-5588
Papadakis,Demetris,124692,ep:MEP_124692,ep:Civility_KO.,ep:Gender_M,ep:Status_ACTIVE,ep:Country_CY,ep:Body_GP-S&D-5154
Papadakis,Kostas,125093,ep:MEP_125093,ep:Civility_KO.,ep:Gender_M,ep:Status_ACTIVE,ep:Country_GR,ep:Body_GP-NI-5152
Papadimoulis,Dimitrios,28586,ep:MEP_28586,ep:Civility_KO.,ep:Gender_M,ep:Status_ACTIVE,ep:Country_GR,ep:Body_GP-GUE/NGL-5151
Patriciello,Aldo,36392,ep:MEP_36392,ep:Civility_ON.LE,ep:Gender_M,ep:Status_ACTIVE,ep:Country_IT,ep:Body_GP-PPE-5153
Paulus,Jutta,197466,ep:MEP_197466,ep:Civility_FR.,ep:Gender_F,ep:Status_ACTIVE,ep:Country_DE,ep:Body_GP-Verts/ALE-5155
Pedicini,Piernicola,124844,ep:MEP_124844,ep:Civility_DOTT.,ep:Gender_M,ep:Status_ACTIVE,ep:Country_IT,ep:Body_GP-NI-5152
Peeters,Kris,197420,ep:MEP_197420,null,ep:Gender_M,ep:Status_ACTIVE,ep:Country_BE,ep:Body_GP-PPE-5153
Pekkarinen,Mauri,197563,ep:MEP_197563,null,ep:Gender_M,ep:Status_ACTIVE,ep:Country_FI,ep:Body_GP-Renew-5704
Peksa,Mikuláš,197539,ep:MEP_197539,null,ep:Gender_M,ep:Status_ACTIVE,ep:Country_CZ,ep:Body_GP-Verts/ALE-5155
Pelletier,Anne-Sophie,197527,ep:MEP_197527,null,ep:Gender_F,ep:Status_ACTIVE,null,ep:Body_GP-GUE/NGL-5151
Penkova,Tsvetelina,197845,ep:MEP_197845,null,ep:Gender_F,ep:Status_ACTIVE,ep:Country_BG,ep:Body_GP-S&D-5154
Pereira,Lídia,197738,ep:MEP_197738,null,ep:Gender_F,ep:Status_ACTIVE,ep:Country_PT,ep:Body_GP-PPE-5153
Pereira,Sandra,197754,ep:MEP_197754,null,ep:Gender_F,ep:Status_ACTIVE,ep:Country_PT,ep:Body_GP-GUE/NGL-5151
Peter-Hansen,Kira Marie,197573,ep:MEP_197573,ep:Civility_FR,ep:Gender_F,ep:Status_ACTIVE,ep:Country_DK,ep:Body_GP-Verts/ALE-5155
Petersen,Morten,124872,ep:MEP_124872,ep:Civility_HR.DA,ep:Gender_M,ep:Status_ACTIVE,ep:Country_DK,ep:Body_GP-Renew-5704
Picierno,Pina,124846,ep:MEP_124846,ep:Civility_ON.LE,ep:Gender_F,ep:Status_ACTIVE,ep:Country_IT,ep:Body_GP-S&D-5154
Picula,Tonino,112744,ep:MEP_112744,ep:Civility_GOSPODIN,ep:Gender_M,ep:Status_ACTIVE,ep:Country_HR,ep:Body_GP-S&D-5154
Pieper,Markus,28224,ep:MEP_28224,ep:Civility_DR.,ep:Gender_M,ep:Status_ACTIVE,ep:Country_DE,ep:Body_GP-PPE-5153
Pietikäinen,Sirpa,40599,ep:MEP_40599,ep:Civility_RVA,ep:Gender_F,ep:Status_ACTIVE,ep:Country_FI,ep:Body_GP-PPE-5153
Pignedoli,Sabrina,197619,ep:MEP_197619,null,ep:Gender_F,ep:Status_ACTIVE,ep:Country_IT,ep:Body_GP-NI-5152
Pineda,Manu,197828,ep:MEP_197828,null,ep:Gender_M,ep:Status_ACTIVE,ep:Country_ES,ep:Body_GP-GUE/NGL-5151
Pirbakas,Maxette,197629,ep:MEP_197629,null,ep:Gender_F,ep:Status_ACTIVE,ep:Country_FR,ep:Body_GP-ID-5588
Piri,Kati,37229,ep:MEP_37229,ep:Civility_MEVR.,ep:Gender_F,ep:Status_ACTIVE,ep:Country_HU,ep:Body_GP-S&D-5154
Pisapia,Giuliano,197590,ep:MEP_197590,null,ep:Gender_M,ep:Status_ACTIVE,ep:Country_IT,ep:Body_GP-S&D-5154
Pizarro,Manuel,197732,ep:MEP_197732,null,ep:Gender_M,ep:Status_ACTIVE,ep:Country_PT,ep:Body_GP-S&D-5154
Plumb,Rovana,38595,ep:MEP_38595,ep:Civility_D-NA,ep:Gender_F,ep:Status_ACTIVE,ep:Country_RO,ep:Body_GP-S&D-5154
Polfjärd,Jessica,197404,ep:MEP_197404,ep:Civility_FRU,ep:Gender_F,ep:Status_ACTIVE,ep:Country_SE,ep:Body_GP-PPE-5153
Pollák,Peter,197765,ep:MEP_197765,null,ep:Gender_M,ep:Status_ACTIVE,ep:Country_SK,ep:Body_GP-PPE-5153
Polčák,Stanislav,124704,ep:MEP_124704,ep:Civility_PAN,ep:Gender_M,ep:Status_ACTIVE,ep:Country_CZ,ep:Body_GP-PPE-5153
Ponsatí Obiols,Clara,204443,ep:MEP_204443,null,ep:Gender_F,ep:Status_ACTIVE,ep:Country_ES,ep:Body_GP-NI-5152
Poręba,Tomasz Piotr,96801,ep:MEP_96801,ep:Civility_PAN ,ep:Gender_M,ep:Status_ACTIVE,ep:Country_PL,ep:Body_GP-ECR-5148
Pospíšil,Jiří,125706,ep:MEP_125706,ep:Civility_PAN,ep:Gender_M,ep:Status_ACTIVE,ep:Country_CZ,ep:Body_GP-PPE-5153
Procaccini,Nicola,197820,ep:MEP_197820,null,ep:Gender_M,ep:Status_ACTIVE,ep:Country_IT,ep:Body_GP-ECR-5148
Puigdemont i Casamajó,Carles,202351,ep:MEP_202351,null,ep:Gender_M,ep:Status_ACTIVE,ep:Country_ES,ep:Body_GP-NI-5152
Pîslaru,Dragoş,197663,ep:MEP_197663,ep:Civility_DI,ep:Gender_M,ep:Status_ACTIVE,ep:Country_RO,ep:Body_GP-Renew-5704
Radačovský,Miroslav,197764,ep:MEP_197764,null,ep:Gender_M,ep:Status_ACTIVE,ep:Country_SK,ep:Body_GP-NI-5152
Radev,Emil,124850,ep:MEP_124850,ep:Civility_GN,ep:Gender_M,ep:Status_ACTIVE,ep:Country_BG,ep:Body_GP-PPE-5153
Radtke,Dennis,188945,ep:MEP_188945,ep:Civility_HR.,ep:Gender_M,ep:Status_ACTIVE,ep:Country_DE,ep:Body_GP-PPE-5153
Rafaela,Samira,197868,ep:MEP_197868,null,ep:Gender_F,ep:Status_ACTIVE,ep:Country_NL,ep:Body_GP-Renew-5704
Rafalska,Elżbieta,197544,ep:MEP_197544,null,ep:Gender_F,ep:Status_ACTIVE,ep:Country_PL,ep:Body_GP-ECR-5148
Rangel,Paulo,96903,ep:MEP_96903,ep:Civility_SR2,ep:Gender_M,ep:Status_ACTIVE,ep:Country_PT,ep:Body_GP-PPE-5153
Regimenti,Luisa,197790,ep:MEP_197790,null,ep:Gender_F,ep:Status_ACTIVE,ep:Country_IT,ep:Body_GP-ID-5588
Regner,Evelyn,96998,ep:MEP_96998,ep:Civility_FR.,ep:Gender_F,ep:Status_ACTIVE,ep:Country_AT,ep:Body_GP-S&D-5154
Rego,Sira,197681,ep:MEP_197681,null,ep:Gender_F,ep:Status_ACTIVE,ep:Country_ES,ep:Body_GP-GUE/NGL-5151
Reil,Guido,197488,ep:MEP_197488,ep:Civility_HR.,ep:Gender_M,ep:Status_ACTIVE,ep:Country_DE,ep:Body_GP-ID-5588
Reintke,Terry,103381,ep:MEP_103381,ep:Civility_FR.,ep:Gender_F,ep:Status_ACTIVE,ep:Country_DE,ep:Body_GP-Verts/ALE-5155
Ressler,Karlo,197413,ep:MEP_197413,null,ep:Gender_M,ep:Status_ACTIVE,ep:Country_HR,ep:Body_GP-PPE-5153
Riba i Giner,Diana,197832,ep:MEP_197832,null,ep:Gender_F,ep:Status_ACTIVE,ep:Country_ES,ep:Body_GP-Verts/ALE-5155
Ries,Frédérique,4253,ep:MEP_4253,ep:Civility_MME,ep:Gender_F,ep:Status_ACTIVE,ep:Country_BE,ep:Body_GP-Renew-5704
Rinaldi,Antonio Maria,197787,ep:MEP_197787,null,ep:Gender_M,ep:Status_ACTIVE,ep:Country_IT,ep:Body_GP-ID-5588
Ripa,Manuela,206158,ep:MEP_206158,ep:Civility_MME,ep:Gender_F,ep:Status_ACTIVE,ep:Country_DE,ep:Body_GP-Verts/ALE-5155
Riquet,Dominique,96885,ep:MEP_96885,ep:Civility_M.,ep:Gender_M,ep:Status_ACTIVE,ep:Country_FR,ep:Body_GP-Renew-5704
Rivasi,Michèle,96743,ep:MEP_96743,ep:Civility_MME,ep:Gender_F,ep:Status_ACTIVE,ep:Country_FR,ep:Body_GP-Verts/ALE-5155
Rivière,Jérôme,197615,ep:MEP_197615,null,ep:Gender_M,ep:Status_ACTIVE,ep:Country_FR,ep:Body_GP-ID-5588
Roberti,Franco,197801,ep:MEP_197801,ep:Civility_DOTT.,ep:Gender_M,ep:Status_ACTIVE,ep:Country_IT,ep:Body_GP-S&D-5154
Rodríguez Palop,Eugenia,197785,ep:MEP_197785,null,ep:Gender_F,ep:Status_ACTIVE,ep:Country_ES,ep:Body_GP-GUE/NGL-5151
Rodríguez Ramos,María Soraya,4344,ep:MEP_4344,ep:Civility_SRA.,ep:Gender_F,ep:Status_ACTIVE,ep:Country_ES,ep:Body_GP-Renew-5704
Rodríguez-Piñero,Inma,125043,ep:MEP_125043,ep:Civility_SRA.,ep:Gender_F,ep:Status_ACTIVE,ep:Country_ES,ep:Body_GP-S&D-5154
Rondinelli,Daniela,197792,ep:MEP_197792,null,ep:Gender_F,ep:Status_ACTIVE,ep:Country_IT,ep:Body_GP-NI-5152
Rooken,Rob,197776,ep:MEP_197776,null,ep:Gender_M,ep:Status_ACTIVE,ep:Country_NL,ep:Body_GP-ECR-5148
Rookmaker,Dorien,204733,ep:MEP_204733,null,ep:Gender_F,ep:Status_ACTIVE,ep:Country_NL,ep:Body_GP-NI-5152
Roos,Robert,197709,ep:MEP_197709,ep:Civility_HR,ep:Gender_M,ep:Status_ACTIVE,ep:Country_NL,ep:Body_GP-ECR-5148
Roose,Caroline,197506,ep:MEP_197506,null,ep:Gender_F,ep:Status_ACTIVE,ep:Country_BE,ep:Body_GP-Verts/ALE-5155
Ropė,Bronis,125214,ep:MEP_125214,ep:Civility_PONAS,ep:Gender_M,ep:Status_ACTIVE,ep:Country_LT,ep:Body_GP-Verts/ALE-5155
Ros Sempere,Marcos,204413,ep:MEP_204413,null,ep:Gender_M,ep:Status_ACTIVE,ep:Country_ES,ep:Body_GP-S&D-5154
Rougé,André,197690,ep:MEP_197690,ep:Civility_M.,ep:Gender_M,ep:Status_ACTIVE,ep:Country_FR,ep:Body_GP-ID-5588
Ruissen,Bert-Jan,197773,ep:MEP_197773,null,ep:Gender_M,ep:Status_ACTIVE,ep:Country_NL,ep:Body_GP-ECR-5148
Ruiz Devesa,Domènec,127096,ep:MEP_127096,ep:Civility_MR.,ep:Gender_M,ep:Status_ACTIVE,ep:Country_ES,ep:Body_GP-S&D-5154
Rzońca,Bogdan,197545,ep:MEP_197545,null,ep:Gender_M,ep:Status_ACTIVE,ep:Country_PL,ep:Body_GP-ECR-5148
Rónai,Sándor,197584,ep:MEP_197584,null,ep:Gender_M,ep:Status_ACTIVE,ep:Country_HU,ep:Body_GP-S&D-5154
Sagartz,Christian,204368,ep:MEP_204368,null,ep:Gender_M,ep:Status_ACTIVE,ep:Country_AT,ep:Body_GP-PPE-5153
Salini,Massimiliano,125670,ep:MEP_125670,ep:Civility_ON.LE,ep:Gender_M,ep:Status_ACTIVE,ep:Country_IT,ep:Body_GP-PPE-5153
Sander,Anne,24594,ep:MEP_24594,ep:Civility_MME,ep:Gender_F,ep:Status_ACTIVE,ep:Country_FR,ep:Body_GP-PPE-5153
Sant,Alfred,124781,ep:MEP_124781,ep:Civility_IS-SUR,ep:Gender_M,ep:Status_ACTIVE,ep:Country_MT,ep:Body_GP-S&D-5154
Santos,Isabel,197650,ep:MEP_197650,null,ep:Gender_F,ep:Status_ACTIVE,ep:Country_PT,ep:Body_GP-S&D-5154
Sardone,Silvia,197578,ep:MEP_197578,null,ep:Gender_F,ep:Status_ACTIVE,ep:Country_IT,ep:Body_GP-ID-5588
Sarvamaa,Petri,112611,ep:MEP_112611,ep:Civility_HRA,ep:Gender_M,ep:Status_ACTIVE,ep:Country_FI,ep:Body_GP-PPE-5153
Saryusz-Wolski,Jacek,28297,ep:MEP_28297,ep:Civility_PAN ,ep:Gender_M,ep:Status_ACTIVE,ep:Country_PL,ep:Body_GP-ECR-5148
Sassoli,David Maria,96864,ep:MEP_96864,ep:Civility_ON.LE,ep:Gender_M,ep:Status_ACTIVE,ep:Country_IT,ep:Body_GP-S&D-5154
Satouri,Mounir,197500,ep:MEP_197500,null,ep:Gender_M,ep:Status_ACTIVE,ep:Country_MA,ep:Body_GP-Verts/ALE-5155
Schaldemose,Christel,37312,ep:MEP_37312,ep:Civility_FR,ep:Gender_F,ep:Status_ACTIVE,ep:Country_DK,ep:Body_GP-S&D-5154
Schieder,Andreas,197670,ep:MEP_197670,null,ep:Gender_M,ep:Status_ACTIVE,ep:Country_AT,ep:Body_GP-S&D-5154
Schirdewan,Martin,190517,ep:MEP_190517,ep:Civility_HR.,ep:Gender_M,ep:Status_ACTIVE,ep:Country_DE,ep:Body_GP-GUE/NGL-5151
Schmiedtbauer,Simone,197656,ep:MEP_197656,null,ep:Gender_F,ep:Status_ACTIVE,ep:Country_AT,ep:Body_GP-PPE-5153
Schneider,Christine,197422,ep:MEP_197422,ep:Civility_FR.,ep:Gender_F,ep:Status_ACTIVE,ep:Country_DE,ep:Body_GP-PPE-5153
Scholz,Helmut,96646,ep:MEP_96646,ep:Civility_HR.,ep:Gender_M,ep:Status_ACTIVE,ep:Country_DE,ep:Body_GP-GUE/NGL-5151
Schreijer-Pierik,Annie,125030,ep:MEP_125030,ep:Civility_MEVR.,ep:Gender_F,ep:Status_ACTIVE,ep:Country_NL,ep:Body_GP-PPE-5153
Schreinemacher,Liesje,197869,ep:MEP_197869,null,ep:Gender_F,ep:Status_ACTIVE,ep:Country_NL,ep:Body_GP-Renew-5704
Schulze,Sven,124809,ep:MEP_124809,ep:Civility_HR.,ep:Gender_M,ep:Status_ACTIVE,ep:Country_DE,ep:Body_GP-PPE-5153
Schuster,Joachim,124837,ep:MEP_124837,ep:Civility_DR.,ep:Gender_M,ep:Status_ACTIVE,ep:Country_DE,ep:Body_GP-S&D-5154
Schwab,Andreas,28223,ep:MEP_28223,ep:Civility_DR.,ep:Gender_M,ep:Status_ACTIVE,ep:Country_DE,ep:Body_GP-PPE-5153
Seekatz,Ralf,197425,ep:MEP_197425,ep:Civility_HR.,ep:Gender_M,ep:Status_ACTIVE,ep:Country_DE,ep:Body_GP-PPE-5153
Semedo,Monica,197418,ep:MEP_197418,null,ep:Gender_F,ep:Status_ACTIVE,null,ep:Body_GP-Renew-5704
Semsrott,Nico,197423,ep:MEP_197423,ep:Civility_HR.,ep:Gender_M,ep:Status_ACTIVE,ep:Country_DE,ep:Body_GP-Verts/ALE-5155
Sidl,Günther,197677,ep:MEP_197677,ep:Civility_DR.,ep:Gender_M,ep:Status_ACTIVE,ep:Country_AT,ep:Body_GP-S&D-5154
Sikorski,Radosław,197548,ep:MEP_197548,ep:Civility_PAN ,ep:Gender_M,ep:Status_ACTIVE,ep:Country_PL,ep:Body_GP-PPE-5153
Silva Pereira,Pedro,124747,ep:MEP_124747,ep:Civility_SR2,ep:Gender_M,ep:Status_ACTIVE,ep:Country_PT,ep:Body_GP-S&D-5154
Simon,Sven,197426,ep:MEP_197426,ep:Civility_HR.,ep:Gender_M,ep:Status_ACTIVE,ep:Country_DE,ep:Body_GP-PPE-5153
Sinčić,Ivan Vilibor,197935,ep:MEP_197935,null,ep:Gender_M,ep:Status_ACTIVE,ep:Country_HR,ep:Body_GP-NI-5152
Sippel,Birgit,96932,ep:MEP_96932,ep:Civility_FR.,ep:Gender_F,ep:Status_ACTIVE,ep:Country_DE,ep:Body_GP-S&D-5154
Skyttedal,Sara,197390,ep:MEP_197390,ep:Civility_FRU,ep:Gender_F,ep:Status_ACTIVE,ep:Country_SE,ep:Body_GP-PPE-5153
Slabakov,Andrey,197849,ep:MEP_197849,null,ep:Gender_M,ep:Status_ACTIVE,ep:Country_BG,ep:Body_GP-ECR-5148
Smeriglio,Massimiliano,197791,ep:MEP_197791,ep:Civility_SIG.,ep:Gender_M,ep:Status_ACTIVE,ep:Country_IT,ep:Body_GP-S&D-5154
Sofo,Vincenzo,204334,ep:MEP_204334,null,ep:Gender_M,ep:Status_ACTIVE,ep:Country_IT,ep:Body_GP-ID-5588
Sokol,Tomislav,197417,ep:MEP_197417,null,ep:Gender_M,ep:Status_ACTIVE,ep:Country_HR,ep:Body_GP-PPE-5153
Solé,Jordi,185974,ep:MEP_185974,ep:Civility_SR.,ep:Gender_M,ep:Status_ACTIVE,ep:Country_ES,ep:Body_GP-Verts/ALE-5155
Solís Pérez,Susana,197784,ep:MEP_197784,null,ep:Gender_F,ep:Status_ACTIVE,ep:Country_ES,ep:Body_GP-Renew-5704
Sonneborn,Martin,124834,ep:MEP_124834,ep:Civility_HR.,ep:Gender_M,ep:Status_ACTIVE,ep:Country_DE,ep:Body_GP-NI-5152
Spurek,Sylwia,197550,ep:MEP_197550,null,ep:Gender_F,ep:Status_ACTIVE,ep:Country_PL,ep:Body_GP-S&D-5154
Spyraki,Maria,125064,ep:MEP_125064,ep:Civility_KA,ep:Gender_F,ep:Status_ACTIVE,ep:Country_GR,ep:Body_GP-PPE-5153
Stancanelli,Raffaele,197825,ep:MEP_197825,null,ep:Gender_M,ep:Status_ACTIVE,ep:Country_IT,ep:Body_GP-ECR-5148
Stanishev,Sergei,124852,ep:MEP_124852,ep:Civility_GN,ep:Gender_M,ep:Status_ACTIVE,ep:Country_BG,ep:Body_GP-S&D-5154
Stegrud,Jessica,197399,ep:MEP_197399,null,ep:Gender_F,ep:Status_ACTIVE,ep:Country_SE,ep:Body_GP-ECR-5148
Strik,Tineke,197772,ep:MEP_197772,null,ep:Gender_F,ep:Status_ACTIVE,ep:Country_NL,ep:Body_GP-Verts/ALE-5155
Strugariu,Ramona,134605,ep:MEP_134605,ep:Civility_D-NA,ep:Gender_F,ep:Status_ACTIVE,ep:Country_RO,ep:Body_GP-Renew-5704
Szydło,Beata,197553,ep:MEP_197553,null,ep:Gender_F,ep:Status_ACTIVE,ep:Country_PL,ep:Body_GP-ECR-5148
Szájer,József,23821,ep:MEP_23821,ep:Civility_DR.,ep:Gender_M,ep:Status_ACTIVE,ep:Country_HU,ep:Body_GP-PPE-5153
Sánchez Amor,Nacho,197722,ep:MEP_197722,null,ep:Gender_M,ep:Status_ACTIVE,ep:Country_ES,ep:Body_GP-S&D-5154
Séjourné,Stéphane,197508,ep:MEP_197508,null,ep:Gender_M,ep:Status_ACTIVE,ep:Country_FR,ep:Body_GP-Renew-5704
Søgaard-Lidell,Linea,204331,ep:MEP_204331,null,ep:Gender_F,ep:Status_ACTIVE,ep:Country_DK,ep:Body_GP-Renew-5704
Tajani,Antonio,2187,ep:MEP_2187,ep:Civility_ON.LE,ep:Gender_M,ep:Status_ACTIVE,ep:Country_IT,ep:Body_GP-PPE-5153
Tang,Paul,125020,ep:MEP_125020,ep:Civility_DR,ep:Gender_M,ep:Status_ACTIVE,ep:Country_NL,ep:Body_GP-S&D-5154
Tarabella,Marc,29579,ep:MEP_29579,ep:Civility_M.,ep:Gender_M,ep:Status_ACTIVE,ep:Country_BE,ep:Body_GP-S&D-5154
Tarczyński,Dominik,204346,ep:MEP_204346,null,ep:Gender_M,ep:Status_ACTIVE,ep:Country_PL,ep:Body_GP-ECR-5148
Tardino,Annalisa,197806,ep:MEP_197806,null,ep:Gender_F,ep:Status_ACTIVE,ep:Country_IT,ep:Body_GP-ID-5588
Tax,Vera,197756,ep:MEP_197756,null,ep:Gender_F,ep:Status_ACTIVE,ep:Country_NL,ep:Body_GP-S&D-5154
Terheş,Cristian,197655,ep:MEP_197655,ep:Civility_DI,ep:Gender_M,ep:Status_ACTIVE,ep:Country_RO,ep:Body_GP-ECR-5148
Terras,Riho,204449,ep:MEP_204449,null,ep:Gender_M,ep:Status_ACTIVE,ep:Country_EE,ep:Body_GP-PPE-5153
Tertsch,Hermann,197831,ep:MEP_197831,null,ep:Gender_M,ep:Status_ACTIVE,ep:Country_ES,ep:Body_GP-ECR-5148
Thaler,Barbara,197667,ep:MEP_197667,null,ep:Gender_F,ep:Status_ACTIVE,ep:Country_AT,ep:Body_GP-PPE-5153
Thun und Hohenstein,Róża,96776,ep:MEP_96776,ep:Civility_PANI ,ep:Gender_F,ep:Status_ACTIVE,ep:Country_PL,ep:Body_GP-PPE-5153
Tinagli,Irene,197591,ep:MEP_197591,null,ep:Gender_F,ep:Status_ACTIVE,ep:Country_IT,ep:Body_GP-S&D-5154
Tobiszowski,Grzegorz,197559,ep:MEP_197559,null,ep:Gender_M,ep:Status_ACTIVE,ep:Country_PL,ep:Body_GP-ECR-5148
Tobé,Tomas,197402,ep:MEP_197402,null,ep:Gender_M,ep:Status_ACTIVE,ep:Country_SE,ep:Body_GP-PPE-5153
Toia,Patrizia,28340,ep:MEP_28340,ep:Civility_ON.LE,ep:Gender_F,ep:Status_ACTIVE,ep:Country_IT,ep:Body_GP-S&D-5154
Tolleret,Irène,197547,ep:MEP_197547,null,ep:Gender_F,ep:Status_ACTIVE,ep:Country_FR,ep:Body_GP-Renew-5704
Tomac,Eugen,197672,ep:MEP_197672,null,ep:Gender_M,ep:Status_ACTIVE,ep:Country_UA,ep:Body_GP-PPE-5153
Tomaševski,Valdemar,96697,ep:MEP_96697,ep:Civility_PONAS,ep:Gender_M,ep:Status_ACTIVE,ep:Country_LT,ep:Body_GP-ECR-5148
Tomašić,Ruža,119431,ep:MEP_119431,ep:Civility_GOSPODA,ep:Gender_F,ep:Status_ACTIVE,ep:Country_BA,ep:Body_GP-ECR-5148
Tomc,Romana,125104,ep:MEP_125104,ep:Civility_GA.,ep:Gender_F,ep:Status_ACTIVE,ep:Country_SI,ep:Body_GP-PPE-5153
Toom,Yana,124700,ep:MEP_124700,ep:Civility_PR,ep:Gender_F,ep:Status_ACTIVE,ep:Country_EE,ep:Body_GP-Renew-5704
Torvalds,Nils,114268,ep:MEP_114268,ep:Civility_HERR,ep:Gender_M,ep:Status_ACTIVE,ep:Country_FI,ep:Body_GP-Renew-5704
Toussaint,Marie,97236,ep:MEP_97236,ep:Civility_MAD.,ep:Gender_F,ep:Status_ACTIVE,ep:Country_FR,ep:Body_GP-Verts/ALE-5155
Tovaglieri,Isabella,197580,ep:MEP_197580,null,ep:Gender_F,ep:Status_ACTIVE,ep:Country_IT,ep:Body_GP-ID-5588
Tošenovský,Evžen,96713,ep:MEP_96713,ep:Civility_PAN,ep:Gender_M,ep:Status_ACTIVE,ep:Country_CZ,ep:Body_GP-ECR-5148
Trillet-Lenoir,Véronique,197593,ep:MEP_197593,ep:Civility_MME,ep:Gender_F,ep:Status_ACTIVE,ep:Country_FR,ep:Body_GP-Renew-5704
Trócsányi,László,197894,ep:MEP_197894,null,ep:Gender_M,ep:Status_ACTIVE,ep:Country_HU,ep:Body_GP-PPE-5153
Tudorache,Dragoş,197665,ep:MEP_197665,null,ep:Gender_M,ep:Status_ACTIVE,ep:Country_RO,ep:Body_GP-Renew-5704
Tudose,Mihai,198183,ep:MEP_198183,null,ep:Gender_M,ep:Status_ACTIVE,ep:Country_RO,ep:Body_GP-S&D-5154
Tóth,Edina,27714,ep:MEP_27714,ep:Civility_MAD.,ep:Gender_F,ep:Status_ACTIVE,ep:Country_HU,ep:Body_GP-PPE-5153
Uhrík,Milan,197763,ep:MEP_197763,ep:Civility_DR,ep:Gender_M,ep:Status_ACTIVE,ep:Country_SK,ep:Body_GP-NI-5152
Ujhelyi,István,124705,ep:MEP_124705,ep:Civility_UR,ep:Gender_M,ep:Status_ACTIVE,ep:Country_HU,ep:Body_GP-S&D-5154
Urbán Crespo,Miguel,131507,ep:MEP_131507,ep:Civility_SR.,ep:Gender_M,ep:Status_ACTIVE,ep:Country_ES,ep:Body_GP-GUE/NGL-5151
Urtasun,Ernest,124972,ep:MEP_124972,ep:Civility_SR.,ep:Gender_M,ep:Status_ACTIVE,ep:Country_ES,ep:Body_GP-Verts/ALE-5155
Uspaskich,Viktor,96698,ep:MEP_96698,ep:Civility_PONAS,ep:Gender_M,ep:Status_ACTIVE,ep:Country_LT,ep:Body_GP-Renew-5704
Ušakovs,Nils,197810,ep:MEP_197810,null,ep:Gender_M,ep:Status_ACTIVE,ep:Country_LV,ep:Body_GP-S&D-5154
Vaidere,Inese,28617,ep:MEP_28617,ep:Civility_KUNDZE,ep:Gender_F,ep:Status_ACTIVE,ep:Country_LV,ep:Body_GP-PPE-5153
Van Brempt,Kathleen,5729,ep:MEP_5729,ep:Civility_MEVR.,ep:Gender_F,ep:Status_ACTIVE,ep:Country_BE,ep:Body_GP-S&D-5154
Van Overtveldt,Johan,125106,ep:MEP_125106,ep:Civility_DE HEER,ep:Gender_M,ep:Status_ACTIVE,ep:Country_BE,ep:Body_GP-ECR-5148
Van Sparrentak,Kim,197870,ep:MEP_197870,null,ep:Gender_F,ep:Status_ACTIVE,ep:Country_NL,ep:Body_GP-Verts/ALE-5155
Vana,Monika,124934,ep:MEP_124934,ep:Civility_DR,ep:Gender_F,ep:Status_ACTIVE,ep:Country_AT,ep:Body_GP-Verts/ALE-5155
Vandendriessche,Tom,185771,ep:MEP_185771,ep:Civility_M.,ep:Gender_M,ep:Status_ACTIVE,ep:Country_BE,ep:Body_GP-ID-5588
Vautmans,Hilde,130100,ep:MEP_130100,ep:Civility_MEVR.,ep:Gender_F,ep:Status_ACTIVE,ep:Country_BE,ep:Body_GP-Renew-5704
Vedrenne,Marie-Pierre,197502,ep:MEP_197502,null,ep:Gender_F,ep:Status_ACTIVE,ep:Country_FR,ep:Body_GP-Renew-5704
Verheyen,Sabine,96756,ep:MEP_96756,ep:Civility_FR.,ep:Gender_F,ep:Status_ACTIVE,ep:Country_DE,ep:Body_GP-PPE-5153
Verhofstadt,Guy,97058,ep:MEP_97058,ep:Civility_DE HEER,ep:Gender_M,ep:Status_ACTIVE,ep:Country_BE,ep:Body_GP-Renew-5704
Vilimsky,Harald,125001,ep:MEP_125001,ep:Civility_HR.,ep:Gender_M,ep:Status_ACTIVE,ep:Country_AT,ep:Body_GP-ID-5588
Villanueva Ruiz,Idoia,197827,ep:MEP_197827,null,ep:Gender_F,ep:Status_ACTIVE,ep:Country_ES,ep:Body_GP-GUE/NGL-5151
Villumsen,Nikolaj,197571,ep:MEP_197571,null,ep:Gender_M,ep:Status_ACTIVE,ep:Country_DK,ep:Body_GP-GUE/NGL-5151
Vincze,Loránt,98582,ep:MEP_98582,ep:Civility_DI,ep:Gender_M,ep:Status_ACTIVE,ep:Country_RO,ep:Body_GP-PPE-5153
Vind,Marianne,199941,ep:MEP_199941,ep:Civility_FR,ep:Gender_F,ep:Status_ACTIVE,ep:Country_DK,ep:Body_GP-S&D-5154
Virkkunen,Henna,124726,ep:MEP_124726,ep:Civility_RVA,ep:Gender_F,ep:Status_ACTIVE,ep:Country_FI,ep:Body_GP-PPE-5153
Vitanov,Petar,197844,ep:MEP_197844,null,ep:Gender_M,ep:Status_ACTIVE,ep:Country_BG,ep:Body_GP-S&D-5154
Vollath,Bettina,197678,ep:MEP_197678,null,ep:Gender_F,ep:Status_ACTIVE,ep:Country_AT,ep:Body_GP-S&D-5154
Von Cramon-Taubadel,Viola,197451,ep:MEP_197451,ep:Civility_FR.,ep:Gender_F,ep:Status_ACTIVE,null,ep:Body_GP-Verts/ALE-5155
Vondra,Alexandr,197537,ep:MEP_197537,ep:Civility_DR,ep:Gender_M,ep:Status_ACTIVE,ep:Country_CZ,ep:Body_GP-ECR-5148
Voss,Axel,96761,ep:MEP_96761,ep:Civility_HR.,ep:Gender_M,ep:Status_ACTIVE,ep:Country_DE,ep:Body_GP-PPE-5153
Vozemberg-Vrionidi,Elissavet,125065,ep:MEP_125065,ep:Civility_KA,ep:Gender_F,ep:Status_ACTIVE,ep:Country_GR,ep:Body_GP-PPE-5153
Vrecionová,Veronika,197552,ep:MEP_197552,null,ep:Gender_F,ep:Status_ACTIVE,ep:Country_CZ,ep:Body_GP-ECR-5148
Vuolo,Lucia,197798,ep:MEP_197798,null,ep:Gender_F,ep:Status_ACTIVE,ep:Country_IT,ep:Body_GP-ID-5588
Vázquez Lázara,Adrián,204400,ep:MEP_204400,null,ep:Gender_M,ep:Status_ACTIVE,ep:Country_ES,ep:Body_GP-Renew-5704
Waitz,Thomas,190464,ep:MEP_190464,ep:Civility_HR.,ep:Gender_M,ep:Status_ACTIVE,ep:Country_AT,ep:Body_GP-Verts/ALE-5155
Wallace,Mick,197817,ep:MEP_197817,null,ep:Gender_M,ep:Status_ACTIVE,ep:Country_IE,ep:Body_GP-GUE/NGL-5151
Walsh,Maria,197863,ep:MEP_197863,null,ep:Gender_F,ep:Status_ACTIVE,ep:Country_US,ep:Body_GP-PPE-5153
Walsmann,Marion,197429,ep:MEP_197429,ep:Civility_FR.,ep:Gender_F,ep:Status_ACTIVE,ep:Country_DE,ep:Body_GP-PPE-5153
Warborn,Jörgen,197405,ep:MEP_197405,null,ep:Gender_M,ep:Status_ACTIVE,ep:Country_SE,ep:Body_GP-PPE-5153
Waszczykowski,Witold Jan,197566,ep:MEP_197566,ep:Civility_PAN ,ep:Gender_M,ep:Status_ACTIVE,ep:Country_PL,ep:Body_GP-ECR-5148
Weber,Manfred,28229,ep:MEP_28229,ep:Civility_HR.,ep:Gender_M,ep:Status_ACTIVE,ep:Country_DE,ep:Body_GP-PPE-5153
Weimers,Charlie,123562,ep:MEP_123562,ep:Civility_MR.,ep:Gender_M,ep:Status_ACTIVE,ep:Country_SE,ep:Body_GP-ECR-5148
Weiss,Pernille,197515,ep:MEP_197515,null,ep:Gender_F,ep:Status_ACTIVE,ep:Country_DK,ep:Body_GP-PPE-5153
Wieland,Rainer,2323,ep:MEP_2323,ep:Civility_HR.,ep:Gender_M,ep:Status_ACTIVE,ep:Country_DE,ep:Body_GP-PPE-5153
Wiener,Sarah,197675,ep:MEP_197675,null,ep:Gender_F,ep:Status_ACTIVE,ep:Country_DE,ep:Body_GP-Verts/ALE-5155
Wiezik,Michal,197769,ep:MEP_197769,null,ep:Gender_M,ep:Status_ACTIVE,ep:Country_SK,ep:Body_GP-PPE-5153
Winkler,Iuliu,39725,ep:MEP_39725,ep:Civility_UR,ep:Gender_M,ep:Status_ACTIVE,ep:Country_RO,ep:Body_GP-PPE-5153
Winzig,Angelika,197652,ep:MEP_197652,ep:Civility_DR,ep:Gender_F,ep:Status_ACTIVE,ep:Country_AT,ep:Body_GP-PPE-5153
Wiseler-Lima,Isabel,197421,ep:MEP_197421,ep:Civility_MME,ep:Gender_F,ep:Status_ACTIVE,ep:Country_PT,ep:Body_GP-PPE-5153
Wiśniewska,Jadwiga,124877,ep:MEP_124877,ep:Civility_PANI ,ep:Gender_F,ep:Status_ACTIVE,ep:Country_PL,ep:Body_GP-ECR-5148
Wolters,Lara,5392,ep:MEP_5392,ep:Civility_MS.,ep:Gender_F,ep:Status_ACTIVE,ep:Country_NL,ep:Body_GP-S&D-5154
Wölken,Tiemo,185619,ep:MEP_185619,ep:Civility_HR.,ep:Gender_M,ep:Status_ACTIVE,ep:Country_DE,ep:Body_GP-S&D-5154
Yenbou,Salima,197511,ep:MEP_197511,null,ep:Gender_F,ep:Status_ACTIVE,ep:Country_FR,ep:Body_GP-Verts/ALE-5155
Yon-Courtin,Stéphanie,197581,ep:MEP_197581,null,ep:Gender_F,ep:Status_ACTIVE,ep:Country_FR,ep:Body_GP-Renew-5704
Yoncheva,Elena,197842,ep:MEP_197842,null,ep:Gender_F,ep:Status_ACTIVE,ep:Country_BG,ep:Body_GP-S&D-5154
Zacharopoulou,Chrysoula,197499,ep:MEP_197499,null,ep:Gender_F,ep:Status_ACTIVE,ep:Country_GR,ep:Body_GP-Renew-5704
Zagorakis,Theodoros,125067,ep:MEP_125067,ep:Civility_KO.,ep:Gender_M,ep:Status_ACTIVE,ep:Country_GR,ep:Body_GP-PPE-5153
Zahradil,Jan,23712,ep:MEP_23712,ep:Civility_PAN,ep:Gender_M,ep:Status_ACTIVE,ep:Country_CZ,ep:Body_GP-ECR-5148
Zalewska,Anna,197572,ep:MEP_197572,ep:Civility_PANI ,ep:Gender_F,ep:Status_ACTIVE,ep:Country_PL,ep:Body_GP-ECR-5148
Zambelli,Stefania,197586,ep:MEP_197586,null,ep:Gender_F,ep:Status_ACTIVE,ep:Country_IT,ep:Body_GP-ID-5588
Zanni,Marco,124780,ep:MEP_124780,ep:Civility_ON.LE,ep:Gender_M,ep:Status_ACTIVE,ep:Country_IT,ep:Body_GP-ID-5588
Zarzalejos,Javier,197606,ep:MEP_197606,null,ep:Gender_M,ep:Status_ACTIVE,ep:Country_ES,ep:Body_GP-PPE-5153
Zdechovský,Tomáš,124713,ep:MEP_124713,ep:Civility_PAN,ep:Gender_M,ep:Status_ACTIVE,ep:Country_CZ,ep:Body_GP-PPE-5153
Zimniok,Bernhard,197489,ep:MEP_197489,ep:Civility_HR.,ep:Gender_M,ep:Status_ACTIVE,ep:Country_DE,ep:Body_GP-ID-5588
Zoido Álvarez,Juan Ignacio,197621,ep:MEP_197621,null,ep:Gender_M,ep:Status_ACTIVE,ep:Country_ES,ep:Body_GP-PPE-5153
Zorrinho,Carlos,124739,ep:MEP_124739,ep:Civility_SR2,ep:Gender_M,ep:Status_ACTIVE,ep:Country_PT,ep:Body_GP-S&D-5154
Zovko,Željana,185341,ep:MEP_185341,ep:Civility_GOSPODA,ep:Gender_F,ep:Status_ACTIVE,ep:Country_BA,ep:Body_GP-PPE-5153
Zullo,Marco,125237,ep:MEP_125237,ep:Civility_ON.LE,ep:Gender_M,ep:Status_ACTIVE,ep:Country_IT,ep:Body_GP-NI-5152
Zver,Milan,96933,ep:MEP_96933,ep:Civility_DR,ep:Gender_M,ep:Status_ACTIVE,ep:Country_SI,ep:Body_GP-PPE-5153
Zīle,Roberts,28615,ep:MEP_28615,ep:Civility_KUNGS,ep:Gender_M,ep:Status_ACTIVE,ep:Country_LV,ep:Body_GP-ECR-5148
Złotowski,Kosma,124884,ep:MEP_124884,ep:Civility_MR.,ep:Gender_M,ep:Status_ACTIVE,ep:Country_PL,ep:Body_GP-ECR-5148
de Graaff,Marcel,125025,ep:MEP_125025,ep:Civility_DE HEER,ep:Gender_M,ep:Status_ACTIVE,ep:Country_NL,ep:Body_GP-ID-5588
de Lange,Esther,38398,ep:MEP_38398,ep:Civility_MEVR.,ep:Gender_F,ep:Status_ACTIVE,ep:Country_NL,ep:Body_GP-PPE-5153
de la Pisa Carrión,Margarita,204414,ep:MEP_204414,null,ep:Gender_F,ep:Status_ACTIVE,ep:Country_ES,ep:Body_GP-ECR-5148
del Castillo Vera,Pilar,28390,ep:MEP_28390,ep:Civility_SRA.,ep:Gender_F,ep:Status_ACTIVE,ep:Country_MA,ep:Body_GP-PPE-5153
in 't Veld,Sophia,28266,ep:MEP_28266,ep:Civility_MEVR.,ep:Gender_F,ep:Status_ACTIVE,ep:Country_NL,ep:Body_GP-Renew-5704
van Dalen,Peter,96809,ep:MEP_96809,ep:Civility_DE HEER,ep:Gender_M,ep:Status_ACTIVE,ep:Country_NL,ep:Body_GP-PPE-5153
Číž,Miroslav,197761,ep:MEP_197761,null,ep:Gender_M,ep:Status_ACTIVE,ep:Country_SK,ep:Body_GP-S&D-5154
Ďuriš Nicholsonová,Lucia,197766,ep:MEP_197766,null,ep:Gender_F,ep:Status_ACTIVE,ep:Country_SK,ep:Body_GP-ECR-5148
Łukacijewska,Elżbieta Katarzyna,96791,ep:MEP_96791,ep:Civility_PANI ,ep:Gender_F,ep:Status_ACTIVE,ep:Country_PL,ep:Body_GP-PPE-5153
Ştefănuță,Nicolae,58766,ep:MEP_58766,ep:Civility_DI,ep:Gender_M,ep:Status_ACTIVE,ep:Country_RO,ep:Body_GP-Renew-5704
Šimečka,Michal,103746,ep:MEP_103746,null,ep:Gender_M,ep:Status_ACTIVE,ep:Country_SK,ep:Body_GP-Renew-5704
Šojdrová,Michaela,124710,ep:MEP_124710,ep:Civility_PANI,ep:Gender_F,ep:Status_ACTIVE,ep:Country_CZ,ep:Body_GP-PPE-5153
Štefanec,Ivan,124929,ep:MEP_124929,ep:Civility_PAN  ,ep:Gender_M,ep:Status_ACTIVE,ep:Country_SK,ep:Body_GP-PPE-5153
Ždanoka,Tatjana,28619,ep:MEP_28619,ep:Civility_KUNDZE,ep:Gender_F,ep:Status_ACTIVE,ep:Country_LV,ep:Body_GP-Verts/ALE-5155