"PlenarySitting_uri","label","datePlenarySitting","session","adoptedTextList","agenda","attendanceList","cre","minutes","rollCallVotes","voteResult","logisticMeeting","annex","preferred_label_en","preferred_label_fr","preferred_label_de","preferred_label_it","preferred_label_es","preferred_label_pl","preferred_label_bg","preferred_label_cs","preferred_label_da","preferred_label_et","preferred_label_el","preferred_label_hr","preferred_label_lv","preferred_label_lt","preferred_label_hu","preferred_label_mt","preferred_label_nl","preferred_label_pt","preferred_label_ro","preferred_label_sk","preferred_label_sl","preferred_label_fi","preferred_label_sv"
"http://data.europarl.europa.eu/eli/dl/iPlMeeting/20190114","SESP 2019-01-14","2019-01-14","http://data.europarl.europa.eu/PlenarySession_20190114-20190117",,"reference/reds:iPlOj_Sit/OJQ-8-2019-01-14","reference/reds:iPlPv_Att/PV-8-2019-01-14-ATT","reference/reds:iPlCre_Sit/CRE-8-2019-01-14","reference/reds:iPlPv_Sit/PV-8-2019-01-14","reference/reds:iPlPv_Rcv/PV-8-2019-01-14-RCV",,"reference/reds:iCalPlMeeting/CMTG-PL-2019-001322-01",,"Monday, 14 January 2019","Lundi 14 janvier 2019","Montag, 14. Januar 2019","Lunedì 14 gennaio 2019","Lunes 14 de enero de 2019","Poniedziałek, 14 stycznia 2019","Понеделник, 14 януари 2019","Pondělí, 14. ledna 2019","Mandag den 14. januar 2019","Esmaspäev, 14. jaanuar 2019","Δευτέρα 14 Ιανουαρίου 2019","ponedjeljak, 14. siječnja 2019.","Pirmdiena, 2019. gada 14. janvāris","Pirmadienis, 2019 m. sausio 14 d.","2019. január 14., hétfő","It-Tnejn, 14 ta' Jannar 2019","Maandag 14 januari 2019","Segunda-feira, 14 de Janeiro de 2019","Luni, 14 ianuarie 2019","Pondelok, 14. januára 2019","Ponedeljek, 14. januar 2019","Maanantai 14. tammikuuta 2019","Måndagen den 14 januari 2019"
"http://data.europarl.europa.eu/eli/dl/iPlMeeting/20190115","SESP 2019-01-15","2019-01-15","http://data.europarl.europa.eu/PlenarySession_20190114-20190117","reference/reds:iPlTa_Toc/TA-8-2019-01-15-TOC","reference/reds:iPlOj_Sit/OJQ-8-2019-01-15","reference/reds:iPlPv_Att/PV-8-2019-01-15-ATT","reference/reds:iPlCre_Sit/CRE-8-2019-01-15","reference/reds:iPlPv_Sit/PV-8-2019-01-15","reference/reds:iPlPv_Rcv/PV-8-2019-01-15-RCV","reference/reds:iPlPv_Vot/PV-8-2019-01-15-VOT","reference/reds:iCalPlMeeting/CMTG-PL-2019-001323-01",,"Tuesday, 15 January 2019","Mardi 15 janvier 2019","Dienstag, 15. Januar 2019","Martedì 15 gennaio 2019","Martes 15 de enero de 2019","Wtorek, 15 stycznia 2019","Втoрник, 15 януари 2019","Úterý, 15. ledna 2019","Tirsdag den 15. januar 2019","Teisipäev, 15. jaanuar 2019","Τρίτη 15 Ιανουαρίου 2019","utorak, 15. siječnja 2019.","Otrdiena, 2019. gada 15. janvāris","Antradienis, 2019 m. sausio 15 d.","2019. január 15., kedd","It-Tlieta, 15 ta' Jannar 2019","Dinsdag 15 januari 2019","Terça-feira, 15 de Janeiro de 2019","Marţi, 15 ianuarie 2019","Utorok, 15. januára 2019","Torek, 15. januar 2019","Tiistai 15. tammikuuta 2019","Tisdagen den 15 januari 2019"
"http://data.europarl.europa.eu/eli/dl/iPlMeeting/20190116","SESP 2019-01-16","2019-01-16","http://data.europarl.europa.eu/PlenarySession_20190114-20190117","reference/reds:iPlTa_Toc/TA-8-2019-01-16-TOC","reference/reds:iPlOj_Sit/OJQ-8-2019-01-16","reference/reds:iPlPv_Att/PV-8-2019-01-16-ATT","reference/reds:iPlCre_Sit/CRE-8-2019-01-16","reference/reds:iPlPv_Sit/PV-8-2019-01-16","reference/reds:iPlPv_Rcv/PV-8-2019-01-16-RCV","reference/reds:iPlPv_Vot/PV-8-2019-01-16-VOT","reference/reds:iCalPlMeeting/CMTG-PL-2019-001324-01",,"Wednesday, 16 January 2019","Mercredi 16 janvier 2019","Mittwoch, 16. Januar 2019","Mercoledì 16 gennaio 2019","Miércoles 16 de enero de 2019","Środa, 16 stycznia 2019","Cряда, 16 януари 2019","Středa, 16. ledna 2019","Onsdag den 16. januar 2019","Kolmapäev, 16. jaanuar 2019","Τετάρτη 16 Ιανουαρίου 2019","srijeda, 16. siječnja 2019.","Trešdiena, 2019. gada 16. janvāris","Trečiadienis, 2019 m. sausio 16 d.","2019. január 16., szerda","L-Erbgħa, 16 ta' Jannar 2019","Woensdag 16 januari 2019","Quarta-feira, 16 de Janeiro de 2019","Miercuri, 16 ianuarie 2019","Streda, 16. januára 2019","Sreda, 16. januar 2019","Keskiviikko 16. tammikuuta 2019","Onsdagen den 16 januari 2019"
"http://data.europarl.europa.eu/eli/dl/iPlMeeting/20190117","SESP 2019-01-17","2019-01-17","http://data.europarl.europa.eu/PlenarySession_20190114-20190117","reference/reds:iPlTa_Toc/TA-8-2019-01-17-TOC","reference/reds:iPlOj_Sit/OJQ-8-2019-01-17","reference/reds:iPlPv_Att/PV-8-2019-01-17-ATT","reference/reds:iPlCre_Sit/CRE-8-2019-01-17","reference/reds:iPlPv_Sit/PV-8-2019-01-17","reference/reds:iPlPv_Rcv/PV-8-2019-01-17-RCV","reference/reds:iPlPv_Vot/PV-8-2019-01-17-VOT","reference/reds:iCalPlMeeting/CMTG-PL-2019-001325-01",,"Thursday, 17 January 2019","Jeudi 17 janvier 2019","Donnerstag, 17. Januar 2019","Giovedì 17 gennaio 2019","Jueves 17 de enero de 2019","Czwartek, 17 stycznia 2019","Четвъртък, 17 януари 2019","Čtvrtek, 17. ledna 2019","Torsdag den 17. januar 2019","Neljapäev, 17. jaanuar 2019","Πέμπτη 17 Ιανουαρίου 2019","četvrtak, 17. siječnja 2019.","Ceturtdiena, 2019. gada 17. janvāris","Ketvirtadienis, 2019 m. sausio 17 d.","2019. január 17., csütörtök","Il-Ħamis, 17 ta' Jannar 2019","Donderdag 17 januari 2019","Quinta-feira, 17 de Janeiro de 2019","Joi, 17 ianuarie 2019","Štvrtok, 17. januára 2019","Četrtek, 17. januar 2019","Torstai 17. tammikuuta 2019","Torsdagen den 17 januari 2019"
"http://data.europarl.europa.eu/eli/dl/iPlMeeting/20190130","SESP 2019-01-30","2019-01-30","http://data.europarl.europa.eu/PlenarySession_20190130-20190131",,"reference/reds:iPlOj_Sit/OJQ-8-2019-01-30","reference/reds:iPlPv_Att/PV-8-2019-01-30-ATT","reference/reds:iPlCre_Sit/CRE-8-2019-01-30","reference/reds:iPlPv_Sit/PV-8-2019-01-30","reference/reds:iPlPv_Rcv/PV-8-2019-01-30-RCV",,"reference/reds:iCalPlMeeting/CMTG-PL-2019-001547-01",,"Wednesday, 30 January 2019","Mercredi 30 janvier 2019","Mittwoch, 30. Januar 2019","Mercoledì 30 gennaio 2019","Miércoles 30 de enero de 2019","Środa, 30 stycznia 2019","Cряда, 30 януари 2019","Středa, 30. ledna 2019","Onsdag den 30. januar 2019","Kolmapäev, 30. jaanuar 2019","Τετάρτη 30 Ιανουαρίου 2019","srijeda, 30. siječnja 2019.","Trešdiena, 2019. gada 30. janvāris","Trečiadienis, 2019 m. sausio 30 d.","2019. január 30., szerda","L-Erbgħa, 30 ta' Jannar 2019","Woensdag 30 januari 2019","Quarta-feira, 30 de Janeiro de 2019","Miercuri, 30 ianuarie 2019","Streda, 30. januára 2019","Sreda, 30. januar 2019","Keskiviikko 30. tammikuuta 2019","Onsdagen den 30 januari 2019"
"http://data.europarl.europa.eu/eli/dl/iPlMeeting/20190131","SESP 2019-01-31","2019-01-31","http://data.europarl.europa.eu/PlenarySession_20190130-20190131","reference/reds:iPlTa_Toc/TA-8-2019-01-31-TOC","reference/reds:iPlOj_Sit/OJQ-8-2019-01-31","reference/reds:iPlPv_Att/PV-8-2019-01-31-ATT","reference/reds:iPlCre_Sit/CRE-8-2019-01-31","reference/reds:iPlPv_Sit/PV-8-2019-01-31","reference/reds:iPlPv_Rcv/PV-8-2019-01-31-RCV","reference/reds:iPlPv_Vot/PV-8-2019-01-31-VOT","reference/reds:iCalPlMeeting/CMTG-PL-2019-001548-01","reference/reds:iPlPv_Ann/PV-8-2019-01-31-ANN-1","Thursday, 31 January 2019","Jeudi 31 janvier 2019","Donnerstag, 31. Januar 2019","Giovedì 31 gennaio 2019","Jueves 31 de enero de 2019","Czwartek, 31 stycznia 2019","Четвъртък, 31 януари 2019","Čtvrtek, 31. ledna 2019","Torsdag den 31. januar 2019","Neljapäev, 31. jaanuar 2019","Πέμπτη 31 Ιανουαρίου 2019","četvrtak, 31. siječnja 2019.","Ceturtdiena, 2019. gada 31. janvāris","Ketvirtadienis, 2019 m. sausio 31 d.","2019. január 31., csütörtök","Il-Ħamis, 31 ta' Jannar 2019","Donderdag 31 januari 2019","Quinta-feira, 31 de Janeiro de 2019","Joi, 31 ianuarie 2019","Štvrtok, 31. januára 2019","Četrtek, 31. januar 2019","Torstai 31. tammikuuta 2019","Torsdagen den 31 januari 2019"
"http://data.europarl.europa.eu/eli/dl/iPlMeeting/20190211","SESP 2019-02-11","2019-02-11","http://data.europarl.europa.eu/PlenarySession_20190211-20190214",,"reference/reds:iPlOj_Sit/OJQ-8-2019-02-11","reference/reds:iPlPv_Att/PV-8-2019-02-11-ATT","reference/reds:iPlCre_Sit/CRE-8-2019-02-11","reference/reds:iPlPv_Sit/PV-8-2019-02-11","reference/reds:iPlPv_Rcv/PV-8-2019-02-11-RCV",,"reference/reds:iCalPlMeeting/CMTG-PL-2019-001326-01",,"Monday, 11 February 2019","Lundi 11 février 2019","Montag, 11. Februar 2019","Lunedì 11 febbraio 2019","Lunes 11 de febrero de 2019","Poniedziałek, 11 lutego 2019","Понеделник, 11 февруари 2019","Pondělí, 11. února 2019","Mandag den 11. februar 2019","Esmaspäev, 11. veebruar 2019","Δευτέρα 11 Φεβρουαρίου 2019","ponedjeljak, 11. veljače 2019.","Pirmdiena, 2019. gada 11. februāris","Pirmadienis, 2019 m. vasario 11 d.","2019. február 11., hétfő","It-Tnejn, 11 ta' Frar 2019","Maandag 11 februari 2019","Segunda-feira, 11 de Fevereiro de 2019","Luni, 11 februarie 2019","Pondelok, 11. februára 2019","Ponedeljek, 11. februar 2019","Maanantai 11. helmikuuta 2019","Måndagen den 11 februari 2019"
"http://data.europarl.europa.eu/eli/dl/iPlMeeting/20190212","SESP 2019-02-12","2019-02-12","http://data.europarl.europa.eu/PlenarySession_20190211-20190214","reference/reds:iPlTa_Toc/TA-8-2019-02-12-TOC","reference/reds:iPlOj_Sit/OJQ-8-2019-02-12","reference/reds:iPlPv_Att/PV-8-2019-02-12-ATT","reference/reds:iPlCre_Sit/CRE-8-2019-02-12","reference/reds:iPlPv_Sit/PV-8-2019-02-12","reference/reds:iPlPv_Rcv/PV-8-2019-02-12-RCV","reference/reds:iPlPv_Vot/PV-8-2019-02-12-VOT","reference/reds:iCalPlMeeting/CMTG-PL-2019-001327-01",,"Tuesday, 12 February 2019","Mardi 12 février 2019","Dienstag, 12. Februar 2019","Martedì 12 febbraio 2019","Martes 12 de febrero de 2019","Wtorek, 12 lutego 2019","Втoрник, 12 февруари 2019","Úterý, 12. února 2019","Tirsdag den 12. februar 2019","Teisipäev, 12. veebruar 2019","Τρίτη 12 Φεβρουαρίου 2019","utorak, 12. veljače 2019.","Otrdiena, 2019. gada 12. februāris","Antradienis, 2019 m. vasario 12 d.","2019. február 12., kedd","It-Tlieta, 12 ta' Frar 2019","Dinsdag 12 februari 2019","Terça-feira, 12 de Fevereiro de 2019","Marţi, 12 februarie 2019","Utorok, 12. februára 2019","Torek, 12. februar 2019","Tiistai 12. helmikuuta 2019","Tisdagen den 12 februari 2019"
"http://data.europarl.europa.eu/eli/dl/iPlMeeting/20190213","SESP 2019-02-13","2019-02-13","http://data.europarl.europa.eu/PlenarySession_20190211-20190214","reference/reds:iPlTa_Toc/TA-8-2019-02-13-TOC","reference/reds:iPlOj_Sit/OJQ-8-2019-02-13","reference/reds:iPlPv_Att/PV-8-2019-02-13-ATT","reference/reds:iPlCre_Sit/CRE-8-2019-02-13","reference/reds:iPlPv_Sit/PV-8-2019-02-13","reference/reds:iPlPv_Rcv/PV-8-2019-02-13-RCV","reference/reds:iPlPv_Vot/PV-8-2019-02-13-VOT","reference/reds:iCalPlMeeting/CMTG-PL-2019-001328-01",,"Wednesday, 13 February 2019","Mercredi 13 février 2019","Mittwoch, 13. Februar 2019","Mercoledì 13 febbraio 2019","Miércoles 13 de febrero de 2019","Środa, 13 lutego 2019","Cряда, 13 февруари 2019","Středa, 13. února 2019","Onsdag den 13. februar 2019","Kolmapäev, 13. veebruar 2019","Τετάρτη 13 Φεβρουαρίου 2019","srijeda, 13. veljače 2019.","Trešdiena, 2019. gada 13. februāris","Trečiadienis, 2019 m. vasario 13 d.","2019. február 13., szerda","L-Erbgħa, 13 ta' Frar 2019","Woensdag 13 februari 2019","Quarta-feira, 13 de Fevereiro de 2019","Miercuri, 13 februarie 2019","Streda, 13. februára 2019","Sreda, 13. februar 2019","Keskiviikko 13. helmikuuta 2019","Onsdagen den 13 februari 2019"
"http://data.europarl.europa.eu/eli/dl/iPlMeeting/20190214","SESP 2019-02-14","2019-02-14","http://data.europarl.europa.eu/PlenarySession_20190211-20190214","reference/reds:iPlTa_Toc/TA-8-2019-02-14-TOC","reference/reds:iPlOj_Sit/OJQ-8-2019-02-14","reference/reds:iPlPv_Att/PV-8-2019-02-14-ATT","reference/reds:iPlCre_Sit/CRE-8-2019-02-14","reference/reds:iPlPv_Sit/PV-8-2019-02-14","reference/reds:iPlPv_Rcv/PV-8-2019-02-14-RCV","reference/reds:iPlPv_Vot/PV-8-2019-02-14-VOT","reference/reds:iCalPlMeeting/CMTG-PL-2019-001329-01",,"Thursday, 14 February 2019","Jeudi 14 février 2019","Donnerstag, 14. Februar 2019","Giovedì 14 febbraio 2019","Jueves 14 de febrero de 2019","Czwartek, 14 lutego 2019","Четвъртък, 14 февруари 2019","Čtvrtek, 14. února 2019","Torsdag den 14. februar 2019","Neljapäev, 14. veebruar 2019","Πέμπτη 14 Φεβρουαρίου 2019","četvrtak, 14. veljače 2019.","Ceturtdiena, 2019. gada 14. februāris","Ketvirtadienis, 2019 m. vasario 14 d.","2019. február 14., csütörtök","Il-Ħamis, 14 ta' Frar 2019","Donderdag 14 februari 2019","Quinta-feira, 14 de Fevereiro de 2019","Joi, 14 februarie 2019","Štvrtok, 14. februára 2019","Četrtek, 14. februar 2019","Torstai 14. helmikuuta 2019","Torsdagen den 14 februari 2019"
"http://data.europarl.europa.eu/eli/dl/iPlMeeting/20190311","SESP 2019-03-11","2019-03-11","http://data.europarl.europa.eu/PlenarySession_20190311-20190314",,"reference/reds:iPlOj_Sit/OJQ-8-2019-03-11","reference/reds:iPlPv_Att/PV-8-2019-03-11-ATT","reference/reds:iPlCre_Sit/CRE-8-2019-03-11","reference/reds:iPlPv_Sit/PV-8-2019-03-11","reference/reds:iPlPv_Rcv/PV-8-2019-03-11-RCV",,"reference/reds:iCalPlMeeting/CMTG-PL-2019-001340-01",,"Monday, 11 March 2019","Lundi 11 mars 2019","Montag, 11. März 2019","Lunedì 11 marzo 2019","Lunes 11 de marzo de 2019","Poniedziałek, 11 marca 2019","Понеделник, 11 март 2019","Pondělí, 11. března 2019","Mandag den 11. marts 2019","Esmaspäev, 11. märts 2019","Δευτέρα 11 Μαρτίου 2019","ponedjeljak, 11. ožujka 2019.","Pirmdiena, 2019. gada 11. marts","Pirmadienis, 2019 m. kovo 11 d.","2019. március 11., hétfő","It-Tnejn, 11 ta' Marzu 2019","Maandag 11 maart 2019","Segunda-feira, 11 de Março de 2019","Luni, 11 martie 2019","Pondelok, 11. marca 2019","Ponedeljek, 11. marec 2019","Maanantai 11. maaliskuuta 2019","Måndagen den 11 mars 2019"
"http://data.europarl.europa.eu/eli/dl/iPlMeeting/20190312","SESP 2019-03-12","2019-03-12","http://data.europarl.europa.eu/PlenarySession_20190311-20190314","reference/reds:iPlTa_Toc/TA-8-2019-03-12-TOC","reference/reds:iPlOj_Sit/OJQ-8-2019-03-12","reference/reds:iPlPv_Att/PV-8-2019-03-12-ATT","reference/reds:iPlCre_Sit/CRE-8-2019-03-12","reference/reds:iPlPv_Sit/PV-8-2019-03-12","reference/reds:iPlPv_Rcv/PV-8-2019-03-12-RCV","reference/reds:iPlPv_Vot/PV-8-2019-03-12-VOT","reference/reds:iCalPlMeeting/CMTG-PL-2019-001341-01",,"Tuesday, 12 March 2019","Mardi 12 mars 2019","Dienstag, 12. März 2019","Martedì 12 marzo 2019","Martes 12 de marzo de 2019","Wtorek, 12 marca 2019","Втoрник, 12 март 2019","Úterý, 12. března 2019","Tirsdag den 12. marts 2019","Teisipäev, 12. märts 2019","Τρίτη 12 Μαρτίου 2019","utorak, 12. ožujka 2019.","Otrdiena, 2019. gada 12. marts","Antradienis, 2019 m. kovo 12 d.","2019. március 12., kedd","It-Tlieta, 12 ta' Marzu 2019","Dinsdag 12 maart 2019","Terça-feira, 12 de Março de 2019","Marţi, 12 martie 2019","Utorok, 12. marca 2019","Torek, 12. marec 2019","Tiistai 12. maaliskuuta 2019","Tisdagen den 12 mars 2019"
"http://data.europarl.europa.eu/eli/dl/iPlMeeting/20190313","SESP 2019-03-13","2019-03-13","http://data.europarl.europa.eu/PlenarySession_20190311-20190314","reference/reds:iPlTa_Toc/TA-8-2019-03-13-TOC","reference/reds:iPlOj_Sit/OJQ-8-2019-03-13","reference/reds:iPlPv_Att/PV-8-2019-03-13-ATT","reference/reds:iPlCre_Sit/CRE-8-2019-03-13","reference/reds:iPlPv_Sit/PV-8-2019-03-13","reference/reds:iPlPv_Rcv/PV-8-2019-03-13-RCV","reference/reds:iPlPv_Vot/PV-8-2019-03-13-VOT","reference/reds:iCalPlMeeting/CMTG-PL-2019-001347-01",,"Wednesday, 13 March 2019","Mercredi 13 mars 2019","Mittwoch, 13. März 2019","Mercoledì 13 marzo 2019","Miércoles 13 de marzo de 2019","Środa, 13 marca 2019","Cряда, 13 март 2019","Středa, 13. března 2019","Onsdag den 13. marts 2019","Kolmapäev, 13. märts 2019","Τετάρτη 13 Μαρτίου 2019","srijeda, 13. ožujka 2019.","Trešdiena, 2019. gada 13. marts","Trečiadienis, 2019 m. kovo 13 d.","2019. március 13., szerda","L-Erbgħa, 13 ta' Marzu 2019","Woensdag 13 maart 2019","Quarta-feira, 13 de Março de 2019","Miercuri, 13 martie 2019","Streda, 13. marca 2019","Sreda, 13. marec 2019","Keskiviikko 13. maaliskuuta 2019","Onsdagen den 13 mars 2019"
"http://data.europarl.europa.eu/eli/dl/iPlMeeting/20190314","SESP 2019-03-14","2019-03-14","http://data.europarl.europa.eu/PlenarySession_20190311-20190314","reference/reds:iPlTa_Toc/TA-8-2019-03-14-TOC","reference/reds:iPlOj_Sit/OJQ-8-2019-03-14","reference/reds:iPlPv_Att/PV-8-2019-03-14-ATT","reference/reds:iPlCre_Sit/CRE-8-2019-03-14","reference/reds:iPlPv_Sit/PV-8-2019-03-14","reference/reds:iPlPv_Rcv/PV-8-2019-03-14-RCV","reference/reds:iPlPv_Vot/PV-8-2019-03-14-VOT","reference/reds:iCalPlMeeting/CMTG-PL-2019-001348-01","reference/reds:iPlPv_Ann/PV-8-2019-03-14-ANN-1","Thursday, 14 March 2019","Jeudi 14 mars 2019","Donnerstag, 14. März 2019","Giovedì 14 marzo 2019","Jueves 14 de marzo de 2019","Czwartek, 14 marca 2019","Четвъртък, 14 март 2019","Čtvrtek, 14. března 2019","Torsdag den 14. marts 2019","Neljapäev, 14. märts 2019","Πέμπτη 14 Μαρτίου 2019","četvrtak, 14. ožujka 2019.","Ceturtdiena, 2019. gada 14. marts","Ketvirtadienis, 2019 m. kovo 14 d.","2019. március 14., csütörtök","Il-Ħamis, 14 ta' Marzu 2019","Donderdag 14 maart 2019","Quinta-feira, 14 de Março de 2019","Joi, 14 martie 2019","Štvrtok, 14. marca 2019","Četrtek, 14. marec 2019","Torstai 14. maaliskuuta 2019","Torsdagen den 14 mars 2019"
"http://data.europarl.europa.eu/eli/dl/iPlMeeting/20190325","SESP 2019-03-25","2019-03-25","http://data.europarl.europa.eu/PlenarySession_20190325-20190328",,"reference/reds:iPlOj_Sit/OJQ-8-2019-03-25","reference/reds:iPlPv_Att/PV-8-2019-03-25-ATT","reference/reds:iPlCre_Sit/CRE-8-2019-03-25","reference/reds:iPlPv_Sit/PV-8-2019-03-25","reference/reds:iPlPv_Rcv/PV-8-2019-03-25-RCV",,"reference/reds:iCalPlMeeting/CMTG-PL-2019-001359-01",,"Monday, 25 March 2019","Lundi 25 mars 2019","Montag, 25. März 2019","Lunedì 25 marzo 2019","Lunes 25 de marzo de 2019","Poniedziałek, 25 marca 2019","Понеделник, 25 март 2019","Pondělí, 25. března 2019","Mandag den 25. marts 2019","Esmaspäev, 25. märts 2019","Δευτέρα 25 Μαρτίου 2019","ponedjeljak, 25. ožujka 2019.","Pirmdiena, 2019. gada 25. marts","Pirmadienis, 2019 m. kovo 25 d.","2019. március 25., hétfő","It-Tnejn, 25 ta' Marzu 2019","Maandag 25 maart 2019","Segunda-feira, 25 de Março de 2019","Luni, 25 martie 2019","Pondelok, 25. marca 2019","Ponedeljek, 25. marec 2019","Maanantai 25. maaliskuuta 2019","Måndagen den 25 mars 2019"
"http://data.europarl.europa.eu/eli/dl/iPlMeeting/20190326","SESP 2019-03-26","2019-03-26","http://data.europarl.europa.eu/PlenarySession_20190325-20190328","reference/reds:iPlTa_Toc/TA-8-2019-03-26-TOC","reference/reds:iPlOj_Sit/OJQ-8-2019-03-26","reference/reds:iPlPv_Att/PV-8-2019-03-26-ATT","reference/reds:iPlCre_Sit/CRE-8-2019-03-26","reference/reds:iPlPv_Sit/PV-8-2019-03-26","reference/reds:iPlPv_Rcv/PV-8-2019-03-26-RCV","reference/reds:iPlPv_Vot/PV-8-2019-03-26-VOT","reference/reds:iCalPlMeeting/CMTG-PL-2019-001360-01",,"Tuesday, 26 March 2019","Mardi 26 mars 2019","Dienstag, 26. März 2019","Martedì 26 marzo 2019","Martes 26 de marzo de 2019","Wtorek, 26 marca 2019","Втoрник, 26 март 2019","Úterý, 26. března 2019","Tirsdag den 26. marts 2019","Teisipäev, 26. märts 2019","Τρίτη 26 Μαρτίου 2019","utorak, 26. ožujka 2019.","Otrdiena, 2019. gada 26. marts","Antradienis, 2019 m. kovo 26 d.","2019. március 26., kedd","It-Tlieta, 26 ta' Marzu 2019","Dinsdag 26 maart 2019","Terça-feira, 26 de Março de 2019","Marţi, 26 martie 2019","Utorok, 26. marca 2019","Torek, 26. marec 2019","Tiistai 26. maaliskuuta 2019","Tisdagen den 26 mars 2019"
"http://data.europarl.europa.eu/eli/dl/iPlMeeting/20190327","SESP 2019-03-27","2019-03-27","http://data.europarl.europa.eu/PlenarySession_20190325-20190328","reference/reds:iPlTa_Toc/TA-8-2019-03-27-TOC","reference/reds:iPlOj_Sit/OJQ-8-2019-03-27","reference/reds:iPlPv_Att/PV-8-2019-03-27-ATT","reference/reds:iPlCre_Sit/CRE-8-2019-03-27","reference/reds:iPlPv_Sit/PV-8-2019-03-27","reference/reds:iPlPv_Rcv/PV-8-2019-03-27-RCV","reference/reds:iPlPv_Vot/PV-8-2019-03-27-VOT","reference/reds:iCalPlMeeting/CMTG-PL-2019-001361-01",,"Wednesday, 27 March 2019","Mercredi 27 mars 2019","Mittwoch, 27. März 2019","Mercoledì 27 marzo 2019","Miércoles 27 de marzo de 2019","Środa, 27 marca 2019","Cряда, 27 март 2019","Středa, 27. března 2019","Onsdag den 27. marts 2019","Kolmapäev, 27. märts 2019","Τετάρτη 27 Μαρτίου 2019","srijeda, 27. ožujka 2019.","Trešdiena, 2019. gada 27. marts","Trečiadienis, 2019 m. kovo 27 d.","2019. március 27., szerda","L-Erbgħa, 27 ta' Marzu 2019","Woensdag 27 maart 2019","Quarta-feira, 27 de Março de 2019","Miercuri, 27 martie 2019","Streda, 27. marca 2019","Sreda, 27. marec 2019","Keskiviikko 27. maaliskuuta 2019","Onsdagen den 27 mars 2019"
"http://data.europarl.europa.eu/eli/dl/iPlMeeting/20190328","SESP 2019-03-28","2019-03-28","http://data.europarl.europa.eu/PlenarySession_20190325-20190328","reference/reds:iPlTa_Toc/TA-8-2019-03-28-TOC","reference/reds:iPlOj_Sit/OJQ-8-2019-03-28","reference/reds:iPlPv_Att/PV-8-2019-03-28-ATT","reference/reds:iPlCre_Sit/CRE-8-2019-03-28","reference/reds:iPlPv_Sit/PV-8-2019-03-28","reference/reds:iPlPv_Rcv/PV-8-2019-03-28-RCV","reference/reds:iPlPv_Vot/PV-8-2019-03-28-VOT","reference/reds:iCalPlMeeting/CMTG-PL-2019-001362-01",,"Thursday, 28 March 2019","Jeudi 28 mars 2019","Donnerstag, 28. März 2019","Giovedì 28 marzo 2019","Jueves 28 de marzo de 2019","Czwartek, 28 marca 2019","Четвъртък, 28 март 2019","Čtvrtek, 28. března 2019","Torsdag den 28. marts 2019","Neljapäev, 28. märts 2019","Πέμπτη 28 Μαρτίου 2019","četvrtak, 28. ožujka 2019.","Ceturtdiena, 2019. gada 28. marts","Ketvirtadienis, 2019 m. kovo 28 d.","2019. március 28., csütörtök","Il-Ħamis, 28 ta' Marzu 2019","Donderdag 28 maart 2019","Quinta-feira, 28 de Março de 2019","Joi, 28 martie 2019","Štvrtok, 28. marca 2019","Četrtek, 28. marec 2019","Torstai 28. maaliskuuta 2019","Torsdagen den 28 mars 2019"
"http://data.europarl.europa.eu/eli/dl/iPlMeeting/20190403","SESP 2019-04-03","2019-04-03","http://data.europarl.europa.eu/PlenarySession_20190403-20190404",,"reference/reds:iPlOj_Sit/OJQ-8-2019-04-03","reference/reds:iPlPv_Att/PV-8-2019-04-03-ATT","reference/reds:iPlCre_Sit/CRE-8-2019-04-03","reference/reds:iPlPv_Sit/PV-8-2019-04-03","reference/reds:iPlPv_Rcv/PV-8-2019-04-03-RCV",,"reference/reds:iCalPlMeeting/CMTG-PL-2019-001549-01",,"Wednesday, 3 April 2019","Mercredi 3 avril 2019","Mittwoch, 3. April 2019","Mercoledì 3 aprile 2019","Miércoles 3 de abril de 2019","Środa, 3 kwietnia 2019","Cряда, 3 април 2019","Středa, 3. dubna 2019","Onsdag den 3. april 2019","Kolmapäev, 3. aprill 2019","Τετάρτη 3 Απριλίου 2019","srijeda, 3. travnja 2019.","Trešdiena, 2019. gada 3. aprīlis","Trečiadienis, 2019 m. balandžio 3 d.","2019. április 3., szerda","L-Erbgħa, 3 ta' April 2019","Woensdag 3 april 2019","Quarta-feira, 3 de Abril de 2019","Miercuri, 3 aprilie 2019","Streda, 3. apríla 2019","Sreda, 3. april 2019","Keskiviikko 3. huhtikuuta 2019","Onsdagen den 3 april 2019"
"http://data.europarl.europa.eu/eli/dl/iPlMeeting/20190404","SESP 2019-04-04","2019-04-04","http://data.europarl.europa.eu/PlenarySession_20190403-20190404","reference/reds:iPlTa_Toc/TA-8-2019-04-04-TOC","reference/reds:iPlOj_Sit/OJQ-8-2019-04-04","reference/reds:iPlPv_Att/PV-8-2019-04-04-ATT","reference/reds:iPlCre_Sit/CRE-8-2019-04-04","reference/reds:iPlPv_Sit/PV-8-2019-04-04","reference/reds:iPlPv_Rcv/PV-8-2019-04-04-RCV","reference/reds:iPlPv_Vot/PV-8-2019-04-04-VOT","reference/reds:iCalPlMeeting/CMTG-PL-2019-001550-01",,"Thursday, 4 April 2019","Jeudi 4 avril 2019","Donnerstag, 4. April 2019","Giovedì 4 aprile 2019","Jueves 4 de abril de 2019","Czwartek, 4 kwietnia 2019","Четвъртък, 4 април 2019","Čtvrtek, 4. dubna 2019","Torsdag den 4. april 2019","Neljapäev, 4. aprill 2019","Πέμπτη 4 Απριλίου 2019","četvrtak, 4. travnja 2019.","Ceturtdiena, 2019. gada 4. aprīlis","Ketvirtadienis, 2019 m. balandžio 4 d.","2019. április 4., csütörtök","Il-Ħamis, 4 ta' April 2019","Donderdag 4 april 2019","Quinta-feira, 4 de Abril de 2019","Joi, 4 aprilie 2019","Štvrtok, 4. apríla 2019","Četrtek, 4. april 2019","Torstai 4. huhtikuuta 2019","Torsdagen den 4 april 2019"
"http://data.europarl.europa.eu/eli/dl/iPlMeeting/20190415","SESP 2019-04-15","2019-04-15","http://data.europarl.europa.eu/PlenarySession_20190415-20190418",,"reference/reds:iPlOj_Sit/OJQ-8-2019-04-15","reference/reds:iPlPv_Att/PV-8-2019-04-15-ATT","reference/reds:iPlCre_Sit/CRE-8-2019-04-15","reference/reds:iPlPv_Sit/PV-8-2019-04-15","reference/reds:iPlPv_Rcv/PV-8-2019-04-15-RCV",,"reference/reds:iCalPlMeeting/CMTG-PL-2019-001373-01",,"Monday, 15 April 2019","Lundi 15 avril 2019","Montag, 15. April 2019","Lunedì 15 aprile 2019","Lunes 15 de abril de 2019","Poniedziałek, 15 kwietnia 2019","Понеделник, 15 април 2019","Pondělí, 15. dubna 2019","Mandag den 15. april 2019","Esmaspäev, 15. aprill 2019","Δευτέρα 15 Απριλίου 2019","ponedjeljak, 15. travnja 2019.","Pirmdiena, 2019. gada 15. aprīlis","Pirmadienis, 2019 m. balandžio 15 d.","2019. április 15., hétfő","It-Tnejn, 15 ta' April 2019","Maandag 15 april 2019","Segunda-feira, 15 de Abril de 2019","Luni, 15 aprilie 2019","Pondelok, 15. apríla 2019","Ponedeljek, 15. april 2019","Maanantai 15. huhtikuuta 2019","Måndagen den 15 april 2019"
"http://data.europarl.europa.eu/eli/dl/iPlMeeting/20190416","SESP 2019-04-16","2019-04-16","http://data.europarl.europa.eu/PlenarySession_20190415-20190418","reference/reds:iPlTa_Toc/TA-8-2019-04-16-TOC","reference/reds:iPlOj_Sit/OJQ-8-2019-04-16","reference/reds:iPlPv_Att/PV-8-2019-04-16-ATT","reference/reds:iPlCre_Sit/CRE-8-2019-04-16","reference/reds:iPlPv_Sit/PV-8-2019-04-16","reference/reds:iPlPv_Rcv/PV-8-2019-04-16-RCV","reference/reds:iPlPv_Vot/PV-8-2019-04-16-VOT","reference/reds:iCalPlMeeting/CMTG-PL-2019-001389-01","reference/reds:iPlPv_Ann/PV-8-2019-04-16-ANN-1","Tuesday, 16 April 2019","Mardi 16 avril 2019","Dienstag, 16. April 2019","Martedì 16 aprile 2019","Martes 16 de abril de 2019","Wtorek, 16 kwietnia 2019","Втoрник, 16 април 2019","Úterý, 16. dubna 2019","Tirsdag den 16. april 2019","Teisipäev, 16. aprill 2019","Τρίτη 16 Απριλίου 2019","utorak, 16. travnja 2019.","Otrdiena, 2019. gada 16. aprīlis","Antradienis, 2019 m. balandžio 16 d.","2019. április 16., kedd","It-Tlieta, 16 ta' April 2019","Dinsdag 16 april 2019","Terça-feira, 16 de Abril de 2019","Marţi, 16 aprilie 2019","Utorok, 16. apríla 2019","Torek, 16. april 2019","Tiistai 16. huhtikuuta 2019","Tisdagen den 16 april 2019"
"http://data.europarl.europa.eu/eli/dl/iPlMeeting/20190417","SESP 2019-04-17","2019-04-17","http://data.europarl.europa.eu/PlenarySession_20190415-20190418","reference/reds:iPlTa_Toc/TA-8-2019-04-17-TOC","reference/reds:iPlOj_Sit/OJQ-8-2019-04-17","reference/reds:iPlPv_Att/PV-8-2019-04-17-ATT","reference/reds:iPlCre_Sit/CRE-8-2019-04-17","reference/reds:iPlPv_Sit/PV-8-2019-04-17","reference/reds:iPlPv_Rcv/PV-8-2019-04-17-RCV","reference/reds:iPlPv_Vot/PV-8-2019-04-17-VOT","reference/reds:iCalPlMeeting/CMTG-PL-2019-001395-01",,"Wednesday, 17 April 2019","Mercredi 17 avril 2019","Mittwoch, 17. April 2019","Mercoledì 17 aprile 2019","Miércoles 17 de abril de 2019","Środa, 17 kwietnia 2019","Cряда, 17 април 2019","Středa, 17. dubna 2019","Onsdag den 17. april 2019","Kolmapäev, 17. aprill 2019","Τετάρτη 17 Απριλίου 2019","srijeda, 17. travnja 2019.","Trešdiena, 2019. gada 17. aprīlis","Trečiadienis, 2019 m. balandžio 17 d.","2019. április 17., szerda","L-Erbgħa, 17 ta' April 2019","Woensdag 17 april 2019","Quarta-feira, 17 de Abril de 2019","Miercuri, 17 aprilie 2019","Streda, 17. apríla 2019","Sreda, 17. april 2019","Keskiviikko 17. huhtikuuta 2019","Onsdagen den 17 april 2019"
"http://data.europarl.europa.eu/eli/dl/iPlMeeting/20190418","SESP 2019-04-18","2019-04-18","http://data.europarl.europa.eu/PlenarySession_20190415-20190418","reference/reds:iPlTa_Toc/TA-8-2019-04-18-TOC","reference/reds:iPlOj_Sit/OJQ-8-2019-04-18","reference/reds:iPlPv_Att/PV-8-2019-04-18-ATT","reference/reds:iPlCre_Sit/CRE-8-2019-04-18","reference/reds:iPlPv_Sit/PV-8-2019-04-18","reference/reds:iPlPv_Rcv/PV-8-2019-04-18-RCV","reference/reds:iPlPv_Vot/PV-8-2019-04-18-VOT","reference/reds:iCalPlMeeting/CMTG-PL-2019-001411-01",,"Thursday, 18 April 2019","Jeudi 18 avril 2019","Donnerstag, 18. April 2019","Giovedì 18 aprile 2019","Jueves 18 de abril de 2019","Czwartek, 18 kwietnia 2019","Четвъртък, 18 април 2019","Čtvrtek, 18. dubna 2019","Torsdag den 18. april 2019","Neljapäev, 18. aprill 2019","Πέμπτη 18 Απριλίου 2019","četvrtak, 18. travnja 2019.","Ceturtdiena, 2019. gada 18. aprīlis","Ketvirtadienis, 2019 m. balandžio 18 d.","2019. április 18., csütörtök","Il-Ħamis, 18 ta' April 2019","Donderdag 18 april 2019","Quinta-feira, 18 de Abril de 2019","Joi, 18 aprilie 2019","Štvrtok, 18. apríla 2019","Četrtek, 18. april 2019","Torstai 18. huhtikuuta 2019","Torsdagen den 18 april 2019"
"http://data.europarl.europa.eu/eli/dl/iPlMeeting/20190702","SESP 2019-07-02","2019-07-02","http://data.europarl.europa.eu/PlenarySession_20190702-20190704",,"reference/reds:iPlOj_Sit/OJQ-9-2019-07-02","reference/reds:iPlPv_Att/PV-9-2019-07-02-ATT","reference/reds:iPlCre_Sit/CRE-9-2019-07-02","reference/reds:iPlPv_Sit/PV-9-2019-07-02",,,"reference/reds:iCalPlMeeting/CMTG-PL-2019-010381-01",,"Tuesday, 2 July 2019","Mardi 2 juillet 2019","Dienstag, 2. Juli 2019","Martedì 2 luglio 2019","Martes 2 de julio de 2019","Wtorek, 2 lipca 2019","Втoрник, 2 юли 2019","Úterý, 2. července 2019","Tirsdag den 2. juli 2019","Teisipäev, 2. juuli 2019","Τρίτη 2 Ιουλίου 2019","utorak, 2. srpnja 2019.","Otrdiena, 2019. gada 2. jūlijs","Antradienis, 2019 m. liepos 2 d.","2019. július 2., kedd","It-Tlieta, 2 ta' Lulju 2019","Dinsdag 2 juli 2019","Terça-feira, 2 de Julho de 2019","Marţi, 2 iulie 2019","Utorok, 2. júla 2019","Torek, 2. julij 2019","Tiistai 2. heinäkuuta 2019","Tisdagen den 2 juli 2019"
"http://data.europarl.europa.eu/eli/dl/iPlMeeting/20190703","SESP 2019-07-03","2019-07-03","http://data.europarl.europa.eu/PlenarySession_20190702-20190704","reference/reds:iPlTa_Toc/TA-9-2019-07-03-TOC","reference/reds:iPlOj_Sit/OJQ-9-2019-07-03","reference/reds:iPlPv_Att/PV-9-2019-07-03-ATT","reference/reds:iPlCre_Sit/CRE-9-2019-07-03","reference/reds:iPlPv_Sit/PV-9-2019-07-03",,"reference/reds:iPlPv_Vot/PV-9-2019-07-03-VOT","reference/reds:iCalPlMeeting/CMTG-PL-2019-010383-01","reference/reds:iPlPv_Ann/PV-9-2019-07-03-ANN-1","Wednesday, 3 July 2019","Mercredi 3 juillet 2019","Mittwoch, 3. Juli 2019","Mercoledì 3 luglio 2019","Miércoles 3 de julio de 2019","Środa, 3 lipca 2019","Cряда, 3 юли 2019","Středa, 3. července 2019","Onsdag den 3. juli 2019","Kolmapäev, 3. juuli 2019","Τετάρτη 3 Ιουλίου 2019","srijeda, 3. srpnja 2019.","Trešdiena, 2019. gada 3. jūlijs","Trečiadienis, 2019 m. liepos 3 d.","2019. július 3., szerda","L-Erbgħa, 3 ta' Lulju 2019","Woensdag 3 juli 2019","Quarta-feira, 3 de Julho de 2019","Miercuri, 3 iulie 2019","Streda, 3. júla 2019","Sreda, 3. julij 2019","Keskiviikko 3. heinäkuuta 2019","Onsdagen den 3 juli 2019"
"http://data.europarl.europa.eu/eli/dl/iPlMeeting/20190704","SESP 2019-07-04","2019-07-04","http://data.europarl.europa.eu/PlenarySession_20190702-20190704",,"reference/reds:iPlOj_Sit/OJQ-9-2019-07-04","reference/reds:iPlPv_Att/PV-9-2019-07-04-ATT","reference/reds:iPlCre_Sit/CRE-9-2019-07-04","reference/reds:iPlPv_Sit/PV-9-2019-07-04",,,"reference/reds:iCalPlMeeting/CMTG-PL-2019-010385-01","reference/reds:iPlPv_Ann/PV-9-2019-07-04-ANN-1","Thursday, 4 July 2019","Jeudi 4 juillet 2019","Donnerstag, 4. Juli 2019","Giovedì 4 luglio 2019","Jueves 4 de julio de 2019","Czwartek, 4 lipca 2019","Четвъртък, 4 юли 2019","Čtvrtek, 4. července 2019","Torsdag den 4. juli 2019","Neljapäev, 4. juuli 2019","Πέμπτη 4 Ιουλίου 2019","četvrtak, 4. srpnja 2019.","Ceturtdiena, 2019. gada 4. jūlijs","Ketvirtadienis, 2019 m. liepos 4 d.","2019. július 4., csütörtök","Il-Ħamis, 4 ta' Lulju 2019","Donderdag 4 juli 2019","Quinta-feira, 4 de Julho de 2019","Joi, 4 iulie 2019","Štvrtok, 4. júla 2019","Četrtek, 4. julij 2019","Torstai 4. heinäkuuta 2019","Torsdagen den 4 juli 2019"
"http://data.europarl.europa.eu/eli/dl/iPlMeeting/20190715","SESP 2019-07-15","2019-07-15","http://data.europarl.europa.eu/PlenarySession_20190715-20190718",,"reference/reds:iPlOj_Sit/OJQ-9-2019-07-15","reference/reds:iPlPv_Att/PV-9-2019-07-15-ATT","reference/reds:iPlCre_Sit/CRE-9-2019-07-15","reference/reds:iPlPv_Sit/PV-9-2019-07-15","reference/reds:iPlPv_Rcv/PV-9-2019-07-15-RCV",,"reference/reds:iCalPlMeeting/CMTG-PL-2019-010386-01",,"Monday, 15 July 2019","Lundi 15 juillet 2019","Montag, 15. Juli 2019","Lunedì 15 luglio 2019","Lunes 15 de julio de 2019","Poniedziałek, 15 lipca 2019","Понеделник, 15 юли 2019","Pondělí, 15. července 2019","Mandag den 15. juli 2019","Esmaspäev, 15. juuli 2019","Δευτέρα 15 Ιουλίου 2019","ponedjeljak, 15. srpnja 2019.","Pirmdiena, 2019. gada 15. jūlijs","Pirmadienis, 2019 m. liepos 15 d.","2019. július 15., hétfő","It-Tnejn, 15 ta' Lulju 2019","Maandag 15 juli 2019","Segunda-feira, 15 de Julho de 2019","Luni, 15 iulie 2019","Pondelok, 15. júla 2019","Ponedeljek, 15. julij 2019","Maanantai 15. heinäkuuta 2019","Måndagen den 15 juli 2019"
"http://data.europarl.europa.eu/eli/dl/iPlMeeting/20190716","SESP 2019-07-16","2019-07-16","http://data.europarl.europa.eu/PlenarySession_20190715-20190718","reference/reds:iPlTa_Toc/TA-9-2019-07-16-TOC","reference/reds:iPlOj_Sit/OJQ-9-2019-07-16","reference/reds:iPlPv_Att/PV-9-2019-07-16-ATT","reference/reds:iPlCre_Sit/CRE-9-2019-07-16","reference/reds:iPlPv_Sit/PV-9-2019-07-16",,,"reference/reds:iCalPlMeeting/CMTG-PL-2019-010388-01","reference/reds:iPlPv_Ann/PV-9-2019-07-16-ANN-1","Tuesday, 16 July 2019","Mardi 16 juillet 2019","Dienstag, 16. Juli 2019","Martedì 16 luglio 2019","Martes 16 de julio de 2019","Wtorek, 16 lipca 2019","Втoрник, 16 юли 2019","Úterý, 16. července 2019","Tirsdag den 16. juli 2019","Teisipäev, 16. juuli 2019","Τρίτη 16 Ιουλίου 2019","utorak, 16. srpnja 2019.","Otrdiena, 2019. gada 16. jūlijs","Antradienis, 2019 m. liepos 16 d.","2019. július 16., kedd","It-Tlieta, 16 ta' Lulju 2019","Dinsdag 16 juli 2019","Terça-feira, 16 de Julho de 2019","Marţi, 16 iulie 2019","Utorok, 16. júla 2019","Torek, 16. julij 2019","Tiistai 16. heinäkuuta 2019","Tisdagen den 16 juli 2019"
"http://data.europarl.europa.eu/eli/dl/iPlMeeting/20190717","SESP 2019-07-17","2019-07-17","http://data.europarl.europa.eu/PlenarySession_20190715-20190718","reference/reds:iPlTa_Toc/TA-9-2019-07-17-TOC","reference/reds:iPlOj_Sit/OJQ-9-2019-07-17","reference/reds:iPlPv_Att/PV-9-2019-07-17-ATT","reference/reds:iPlCre_Sit/CRE-9-2019-07-17","reference/reds:iPlPv_Sit/PV-9-2019-07-17",,"reference/reds:iPlPv_Vot/PV-9-2019-07-17-VOT","reference/reds:iCalPlMeeting/CMTG-PL-2019-010389-01","reference/reds:iPlPv_Ann/PV-9-2019-07-17-ANN-1","Wednesday, 17 July 2019","Mercredi 17 juillet 2019","Mittwoch, 17. Juli 2019","Mercoledì 17 luglio 2019","Miércoles 17 de julio de 2019","Środa, 17 lipca 2019","Cряда, 17 юли 2019","Středa, 17. července 2019","Onsdag den 17. juli 2019","Kolmapäev, 17. juuli 2019","Τετάρτη 17 Ιουλίου 2019","srijeda, 17. srpnja 2019.","Trešdiena, 2019. gada 17. jūlijs","Trečiadienis, 2019 m. liepos 17 d.","2019. július 17., szerda","L-Erbgħa, 17 ta' Lulju 2019","Woensdag 17 juli 2019","Quarta-feira, 17 de Julho de 2019","Miercuri, 17 iulie 2019","Streda, 17. júla 2019","Sreda, 17. julij 2019","Keskiviikko 17. heinäkuuta 2019","Onsdagen den 17 juli 2019"
"http://data.europarl.europa.eu/eli/dl/iPlMeeting/20190718","SESP 2019-07-18","2019-07-18","http://data.europarl.europa.eu/PlenarySession_20190715-20190718","reference/reds:iPlTa_Toc/TA-9-2019-07-18-TOC","reference/reds:iPlOj_Sit/OJQ-9-2019-07-18","reference/reds:iPlPv_Att/PV-9-2019-07-18-ATT","reference/reds:iPlCre_Sit/CRE-9-2019-07-18","reference/reds:iPlPv_Sit/PV-9-2019-07-18","reference/reds:iPlPv_Rcv/PV-9-2019-07-18-RCV","reference/reds:iPlPv_Vot/PV-9-2019-07-18-VOT","reference/reds:iCalPlMeeting/CMTG-PL-2019-010390-01",,"Thursday, 18 July 2019","Jeudi 18 juillet 2019","Donnerstag, 18. Juli 2019","Giovedì 18 luglio 2019","Jueves 18 de julio de 2019","Czwartek, 18 lipca 2019","Четвъртък, 18 юли 2019","Čtvrtek, 18. července 2019","Torsdag den 18. juli 2019","Neljapäev, 18. juuli 2019","Πέμπτη 18 Ιουλίου 2019","četvrtak, 18. srpnja 2019.","Ceturtdiena, 2019. gada 18. jūlijs","Ketvirtadienis, 2019 m. liepos 18 d.","2019. július 18., csütörtök","Il-Ħamis, 18 ta' Lulju 2019","Donderdag 18 juli 2019","Quinta-feira, 18 de Julho de 2019","Joi, 18 iulie 2019","Štvrtok, 18. júla 2019","Četrtek, 18. julij 2019","Torstai 18. heinäkuuta 2019","Torsdagen den 18 juli 2019"
"http://data.europarl.europa.eu/eli/dl/iPlMeeting/20190916","SESP 2019-09-16","2019-09-16","http://data.europarl.europa.eu/PlenarySession_20190916-20190919",,"reference/reds:iPlOj_Sit/OJQ-9-2019-09-16","reference/reds:iPlPv_Att/PV-9-2019-09-16-ATT","reference/reds:iPlCre_Sit/CRE-9-2019-09-16","reference/reds:iPlPv_Sit/PV-9-2019-09-16","reference/reds:iPlPv_Rcv/PV-9-2019-09-16-RCV",,"reference/reds:iCalPlMeeting/CMTG-PL-2019-011628-01",,"Monday, 16 September 2019","Lundi 16 septembre 2019","Montag, 16. September 2019","Lunedì 16 settembre 2019","Lunes 16 de septiembre de 2019","Poniedziałek, 16 września 2019","Понеделник, 16 септември 2019","Pondělí, 16. září 2019","Mandag den 16. september 2019","Esmaspäev, 16. september 2019","Δευτέρα 16 Σεπτεμβρίου 2019","ponedjeljak, 16. rujna 2019.","Pirmdiena, 2019. gada 16. septembris","Pirmadienis, 2019 m. rugsėjo 16 d.","2019. szeptember 16., hétfő","It-Tnejn, 16 ta' Settembru 2019","Maandag 16 september 2019","Segunda-feira, 16 de Setembro de 2019","Luni, 16 septembrie 2019","Pondelok, 16. septembra 2019","Ponedeljek, 16. september 2019","Maanantai 16. syyskuuta 2019","Måndagen den 16 september 2019"
"http://data.europarl.europa.eu/eli/dl/iPlMeeting/20190917","SESP 2019-09-17","2019-09-17","http://data.europarl.europa.eu/PlenarySession_20190916-20190919","reference/reds:iPlTa_Toc/TA-9-2019-09-17-TOC","reference/reds:iPlOj_Sit/OJQ-9-2019-09-17","reference/reds:iPlPv_Att/PV-9-2019-09-17-ATT","reference/reds:iPlCre_Sit/CRE-9-2019-09-17","reference/reds:iPlPv_Sit/PV-9-2019-09-17","reference/reds:iPlPv_Rcv/PV-9-2019-09-17-RCV","reference/reds:iPlPv_Vot/PV-9-2019-09-17-VOT","reference/reds:iCalPlMeeting/CMTG-PL-2019-011629-01","reference/reds:iPlPv_Ann/PV-9-2019-09-17-ANN-1","Tuesday, 17 September 2019","Mardi 17 septembre 2019","Dienstag, 17. September 2019","Martedì 17 settembre 2019","Martes 17 de septiembre de 2019","Wtorek, 17 września 2019","Втoрник, 17 септември 2019","Úterý, 17. září 2019","Tirsdag den 17. september 2019","Teisipäev, 17. september 2019","Τρίτη 17 Σεπτεμβρίου 2019","utorak, 17. rujna 2019.","Otrdiena, 2019. gada 17. septembris","Antradienis, 2019 m. rugsėjo 17 d.","2019. szeptember 17., kedd","It-Tlieta, 17 ta' Settembru 2019","Dinsdag 17 september 2019","Terça-feira, 17 de Setembro de 2019","Marţi, 17 septembrie 2019","Utorok, 17. septembra 2019","Torek, 17. september 2019","Tiistai 17. syyskuuta 2019","Tisdagen den 17 september 2019"
"http://data.europarl.europa.eu/eli/dl/iPlMeeting/20190918","SESP 2019-09-18","2019-09-18","http://data.europarl.europa.eu/PlenarySession_20190916-20190919","reference/reds:iPlTa_Toc/TA-9-2019-09-18-TOC","reference/reds:iPlOj_Sit/OJQ-9-2019-09-18","reference/reds:iPlPv_Att/PV-9-2019-09-18-ATT","reference/reds:iPlCre_Sit/CRE-9-2019-09-18","reference/reds:iPlPv_Sit/PV-9-2019-09-18","reference/reds:iPlPv_Rcv/PV-9-2019-09-18-RCV","reference/reds:iPlPv_Vot/PV-9-2019-09-18-VOT","reference/reds:iCalPlMeeting/CMTG-PL-2019-011630-01",,"Wednesday, 18 September 2019","Mercredi 18 septembre 2019","Mittwoch, 18. September 2019","Mercoledì 18 settembre 2019","Miércoles 18 de septiembre de 2019","Środa, 18 września 2019","Cряда, 18 септември 2019","Středa, 18. září 2019","Onsdag den 18. september 2019","Kolmapäev, 18. september 2019","Τετάρτη 18 Σεπτεμβρίου 2019","srijeda, 18. rujna 2019.","Trešdiena, 2019. gada 18. septembris","Trečiadienis, 2019 m. rugsėjo 18 d.","2019. szeptember 18., szerda","L-Erbgħa, 18 ta' Settembru 2019","Woensdag 18 september 2019","Quarta-feira, 18 de Setembro de 2019","Miercuri, 18 septembrie 2019","Streda, 18. septembra 2019","Sreda, 18. september 2019","Keskiviikko 18. syyskuuta 2019","Onsdagen den 18 september 2019"
"http://data.europarl.europa.eu/eli/dl/iPlMeeting/20190919","SESP 2019-09-19","2019-09-19","http://data.europarl.europa.eu/PlenarySession_20190916-20190919","reference/reds:iPlTa_Toc/TA-9-2019-09-19-TOC","reference/reds:iPlOj_Sit/OJQ-9-2019-09-19","reference/reds:iPlPv_Att/PV-9-2019-09-19-ATT","reference/reds:iPlCre_Sit/CRE-9-2019-09-19","reference/reds:iPlPv_Sit/PV-9-2019-09-19","reference/reds:iPlPv_Rcv/PV-9-2019-09-19-RCV","reference/reds:iPlPv_Vot/PV-9-2019-09-19-VOT","reference/reds:iCalPlMeeting/CMTG-PL-2019-011631-01",,"Thursday, 19 September 2019","Jeudi 19 septembre 2019","Donnerstag, 19. September 2019","Giovedì 19 settembre 2019","Jueves 19 de septiembre de 2019","Czwartek, 19 września 2019","Четвъртък, 19 септември 2019","Čtvrtek, 19. září 2019","Torsdag den 19. september 2019","Neljapäev, 19. september 2019","Πέμπτη 19 Σεπτεμβρίου 2019","četvrtak, 19. rujna 2019.","Ceturtdiena, 2019. gada 19. septembris","Ketvirtadienis, 2019 m. rugsėjo 19 d.","2019. szeptember 19., csütörtök","Il-Ħamis, 19 ta' Settembru 2019","Donderdag 19 september 2019","Quinta-feira, 19 de Setembro de 2019","Joi, 19 septembrie 2019","Štvrtok, 19. septembra 2019","Četrtek, 19. september 2019","Torstai 19. syyskuuta 2019","Torsdagen den 19 september 2019"
"http://data.europarl.europa.eu/eli/dl/iPlMeeting/20191009","SESP 2019-10-09","2019-10-09","http://data.europarl.europa.eu/PlenarySession_20191009-20191010",,"reference/reds:iPlOj_Sit/OJQ-9-2019-10-09","reference/reds:iPlPv_Att/PV-9-2019-10-09-ATT","reference/reds:iPlCre_Sit/CRE-9-2019-10-09","reference/reds:iPlPv_Sit/PV-9-2019-10-09","reference/reds:iPlPv_Rcv/PV-9-2019-10-09-RCV",,"reference/reds:iCalPlMeeting/CMTG-PL-2019-011653-01",,"Wednesday, 9 October 2019","Mercredi 9 octobre 2019","Mittwoch, 9. Oktober 2019","Mercoledì 9 ottobre 2019","Miércoles 9 de octubre de 2019","Środa, 9 października 2019","Cряда, 9 октомври 2019","Středa, 9. října 2019","Onsdag den 9. oktober 2019","Kolmapäev, 9. oktoober 2019","Τετάρτη 9 Οκτωβρίου 2019","srijeda, 9. listopada 2019.","Trešdiena, 2019. gada 9. oktobris","Trečiadienis, 2019 m. spalio 9 d.","2019. október 9., szerda","L-Erbgħa, 9 ta' Ottubru 2019","Woensdag 9 oktober 2019","Quarta-feira, 9 de Outubro de 2019","Miercuri, 9 octombrie 2019","Streda, 9. októbra 2019","Sreda, 9. oktober 2019","Keskiviikko 9. lokakuuta 2019","Onsdagen den 9 oktober 2019"
"http://data.europarl.europa.eu/eli/dl/iPlMeeting/20191010","SESP 2019-10-10","2019-10-10","http://data.europarl.europa.eu/PlenarySession_20191009-20191010","reference/reds:iPlTa_Toc/TA-9-2019-10-10-TOC","reference/reds:iPlOj_Sit/OJQ-9-2019-10-10","reference/reds:iPlPv_Att/PV-9-2019-10-10-ATT","reference/reds:iPlCre_Sit/CRE-9-2019-10-10","reference/reds:iPlPv_Sit/PV-9-2019-10-10","reference/reds:iPlPv_Rcv/PV-9-2019-10-10-RCV","reference/reds:iPlPv_Vot/PV-9-2019-10-10-VOT","reference/reds:iCalPlMeeting/CMTG-PL-2019-011655-01",,"Thursday, 10 October 2019","Jeudi 10 octobre 2019","Donnerstag, 10. Oktober 2019","Giovedì 10 ottobre 2019","Jueves 10 de octubre de 2019","Czwartek, 10 października 2019","Четвъртък, 10 октомври 2019","Čtvrtek, 10. října 2019","Torsdag den 10. oktober 2019","Neljapäev, 10. oktoober 2019","Πέμπτη 10 Οκτωβρίου 2019","četvrtak, 10. listopada 2019.","Ceturtdiena, 2019. gada 10. oktobris","Ketvirtadienis, 2019 m. spalio 10 d.","2019. október 10., csütörtök","Il-Ħamis, 10 ta' Ottubru 2019","Donderdag 10 oktober 2019","Quinta-feira, 10 de Outubro de 2019","Joi, 10 octombrie 2019","Štvrtok, 10. októbra 2019","Četrtek, 10. oktober 2019","Torstai 10. lokakuuta 2019","Torsdagen den 10 oktober 2019"
"http://data.europarl.europa.eu/eli/dl/iPlMeeting/20191021","SESP 2019-10-21","2019-10-21","http://data.europarl.europa.eu/PlenarySession_20191021-20191024",,"reference/reds:iPlOj_Sit/OJQ-9-2019-10-21","reference/reds:iPlPv_Att/PV-9-2019-10-21-ATT","reference/reds:iPlCre_Sit/CRE-9-2019-10-21","reference/reds:iPlPv_Sit/PV-9-2019-10-21","reference/reds:iPlPv_Rcv/PV-9-2019-10-21-RCV",,"reference/reds:iCalPlMeeting/CMTG-PL-2019-011656-01","reference/reds:iPlPv_Ann/PV-9-2019-10-21-ANN-1","Monday, 21 October 2019","Lundi 21 octobre 2019","Montag, 21. Oktober 2019","Lunedì 21 ottobre 2019","Lunes 21 de octubre de 2019","Poniedziałek, 21 października 2019","Понеделник, 21 октомври 2019","Pondělí, 21. října 2019","Mandag den 21. oktober 2019","Esmaspäev, 21. oktoober 2019","Δευτέρα 21 Οκτωβρίου 2019","ponedjeljak, 21. listopada 2019.","Pirmdiena, 2019. gada 21. oktobris","Pirmadienis, 2019 m. spalio 21 d.","2019. október 21., hétfő","It-Tnejn, 21 ta' Ottubru 2019","Maandag 21 oktober 2019","Segunda-feira, 21 de Outubro de 2019","Luni, 21 octombrie 2019","Pondelok, 21. októbra 2019","Ponedeljek, 21. oktober 2019","Maanantai 21. lokakuuta 2019","Måndagen den 21 oktober 2019"
"http://data.europarl.europa.eu/eli/dl/iPlMeeting/20191022","SESP 2019-10-22","2019-10-22","http://data.europarl.europa.eu/PlenarySession_20191021-20191024","reference/reds:iPlTa_Toc/TA-9-2019-10-22-TOC","reference/reds:iPlOj_Sit/OJQ-9-2019-10-22","reference/reds:iPlPv_Att/PV-9-2019-10-22-ATT","reference/reds:iPlCre_Sit/CRE-9-2019-10-22","reference/reds:iPlPv_Sit/PV-9-2019-10-22","reference/reds:iPlPv_Rcv/PV-9-2019-10-22-RCV","reference/reds:iPlPv_Vot/PV-9-2019-10-22-VOT","reference/reds:iCalPlMeeting/CMTG-PL-2019-011658-01",,"Tuesday, 22 October 2019","Mardi 22 octobre 2019","Dienstag, 22. Oktober 2019","Martedì 22 ottobre 2019","Martes 22 de octubre de 2019","Wtorek, 22 października 2019","Втoрник, 22 октомври 2019","Úterý, 22. října 2019","Tirsdag den 22. oktober 2019","Teisipäev, 22. oktoober 2019","Τρίτη 22 Οκτωβρίου 2019","utorak, 22. listopada 2019.","Otrdiena, 2019. gada 22. oktobris","Antradienis, 2019 m. spalio 22 d.","2019. október 22., kedd","It-Tlieta, 22 ta' Ottubru 2019","Dinsdag 22 oktober 2019","Terça-feira, 22 de Outubro de 2019","Marţi, 22 octombrie 2019","Utorok, 22. októbra 2019","Torek, 22. oktober 2019","Tiistai 22. lokakuuta 2019","Tisdagen den 22 oktober 2019"
"http://data.europarl.europa.eu/eli/dl/iPlMeeting/20191023","SESP 2019-10-23","2019-10-23","http://data.europarl.europa.eu/PlenarySession_20191021-20191024","reference/reds:iPlTa_Toc/TA-9-2019-10-23-TOC","reference/reds:iPlOj_Sit/OJQ-9-2019-10-23","reference/reds:iPlPv_Att/PV-9-2019-10-23-ATT","reference/reds:iPlCre_Sit/CRE-9-2019-10-23","reference/reds:iPlPv_Sit/PV-9-2019-10-23","reference/reds:iPlPv_Rcv/PV-9-2019-10-23-RCV","reference/reds:iPlPv_Vot/PV-9-2019-10-23-VOT","reference/reds:iCalPlMeeting/CMTG-PL-2019-011660-01",,"Wednesday, 23 October 2019","Mercredi 23 octobre 2019","Mittwoch, 23. Oktober 2019","Mercoledì 23 ottobre 2019","Miércoles 23 de octubre de 2019","Środa, 23 października 2019","Cряда, 23 октомври 2019","Středa, 23. října 2019","Onsdag den 23. oktober 2019","Kolmapäev, 23. oktoober 2019","Τετάρτη 23 Οκτωβρίου 2019","srijeda, 23. listopada 2019.","Trešdiena, 2019. gada 23. oktobris","Trečiadienis, 2019 m. spalio 23 d.","2019. október 23., szerda","L-Erbgħa, 23 ta' Ottubru 2019","Woensdag 23 oktober 2019","Quarta-feira, 23 de Outubro de 2019","Miercuri, 23 octombrie 2019","Streda, 23. októbra 2019","Sreda, 23. oktober 2019","Keskiviikko 23. lokakuuta 2019","Onsdagen den 23 oktober 2019"
"http://data.europarl.europa.eu/eli/dl/iPlMeeting/20191024","SESP 2019-10-24","2019-10-24","http://data.europarl.europa.eu/PlenarySession_20191021-20191024","reference/reds:iPlTa_Toc/TA-9-2019-10-24-TOC","reference/reds:iPlOj_Sit/OJQ-9-2019-10-24","reference/reds:iPlPv_Att/PV-9-2019-10-24-ATT","reference/reds:iPlCre_Sit/CRE-9-2019-10-24","reference/reds:iPlPv_Sit/PV-9-2019-10-24","reference/reds:iPlPv_Rcv/PV-9-2019-10-24-RCV","reference/reds:iPlPv_Vot/PV-9-2019-10-24-VOT","reference/reds:iCalPlMeeting/CMTG-PL-2019-011661-01",,"Thursday, 24 October 2019","Jeudi 24 octobre 2019","Donnerstag, 24. Oktober 2019","Giovedì 24 ottobre 2019","Jueves 24 de octubre de 2019","Czwartek, 24 października 2019","Четвъртък, 24 октомври 2019","Čtvrtek, 24. října 2019","Torsdag den 24. oktober 2019","Neljapäev, 24. oktoober 2019","Πέμπτη 24 Οκτωβρίου 2019","četvrtak, 24. listopada 2019.","Ceturtdiena, 2019. gada 24. oktobris","Ketvirtadienis, 2019 m. spalio 24 d.","2019. október 24., csütörtök","Il-Ħamis, 24 ta' Ottubru 2019","Donderdag 24 oktober 2019","Quinta-feira, 24 de Outubro de 2019","Joi, 24 octombrie 2019","Štvrtok, 24. októbra 2019","Četrtek, 24. oktober 2019","Torstai 24. lokakuuta 2019","Torsdagen den 24 oktober 2019"
"http://data.europarl.europa.eu/eli/dl/iPlMeeting/20191113","SESP 2019-11-13","2019-11-13","http://data.europarl.europa.eu/PlenarySession_20191113-20191114",,"reference/reds:iPlOj_Sit/OJQ-9-2019-11-13","reference/reds:iPlPv_Att/PV-9-2019-11-13-ATT","reference/reds:iPlCre_Sit/CRE-9-2019-11-13","reference/reds:iPlPv_Sit/PV-9-2019-11-13","reference/reds:iPlPv_Rcv/PV-9-2019-11-13-RCV",,"reference/reds:iCalPlMeeting/CMTG-PL-2019-011692-01",,"Wednesday, 13 November 2019","Mercredi 13 novembre 2019","Mittwoch, 13. November 2019","Mercoledì 13 novembre 2019","Miércoles 13 de noviembre de 2019","Środa, 13 listopada 2019","Cряда, 13 ноември 2019","Středa, 13. listopadu 2019","Onsdag den 13. november 2019","Kolmapäev, 13. november 2019","Τετάρτη 13 Νοεμβρίου 2019","srijeda, 13. studenog 2019.","Trešdiena, 2019. gada 13. novembris","Trečiadienis, 2019 m. lapkričio 13 d.","2019. november 13., szerda","L-Erbgħa, 13 ta' Novembru 2019","Woensdag 13 november 2019","Quarta-feira, 13 de Novembro de 2019","Miercuri, 13 noiembrie 2019","Streda, 13. novembra 2019","Sreda, 13. november 2019","Keskiviikko 13. marraskuuta 2019","Onsdagen den 13 november 2019"
"http://data.europarl.europa.eu/eli/dl/iPlMeeting/20191114","SESP 2019-11-14","2019-11-14","http://data.europarl.europa.eu/PlenarySession_20191113-20191114","reference/reds:iPlTa_Toc/TA-9-2019-11-14-TOC","reference/reds:iPlOj_Sit/OJQ-9-2019-11-14","reference/reds:iPlPv_Att/PV-9-2019-11-14-ATT","reference/reds:iPlCre_Sit/CRE-9-2019-11-14","reference/reds:iPlPv_Sit/PV-9-2019-11-14","reference/reds:iPlPv_Rcv/PV-9-2019-11-14-RCV","reference/reds:iPlPv_Vot/PV-9-2019-11-14-VOT","reference/reds:iCalPlMeeting/CMTG-PL-2019-011695-01",,"Thursday, 14 November 2019","Jeudi 14 novembre 2019","Donnerstag, 14. November 2019","Giovedì 14 novembre 2019","Jueves 14 de noviembre de 2019","Czwartek, 14 listopada 2019","Четвъртък, 14 ноември 2019","Čtvrtek, 14. listopadu 2019","Torsdag den 14. november 2019","Neljapäev, 14. november 2019","Πέμπτη 14 Νοεμβρίου 2019","četvrtak, 14. studenog 2019.","Ceturtdiena, 2019. gada 14. novembris","Ketvirtadienis, 2019 m. lapkričio 14 d.","2019. november 14., csütörtök","Il-Ħamis, 14 ta' Novembru 2019","Donderdag 14 november 2019","Quinta-feira, 14 de Novembro de 2019","Joi, 14 noiembrie 2019","Štvrtok, 14. novembra 2019","Četrtek, 14. november 2019","Torstai 14. marraskuuta 2019","Torsdagen den 14 november 2019"
"http://data.europarl.europa.eu/eli/dl/iPlMeeting/20191125","SESP 2019-11-25","2019-11-25","http://data.europarl.europa.eu/PlenarySession_20191125-20191128",,"reference/reds:iPlOj_Sit/OJQ-9-2019-11-25","reference/reds:iPlPv_Att/PV-9-2019-11-25-ATT","reference/reds:iPlCre_Sit/CRE-9-2019-11-25","reference/reds:iPlPv_Sit/PV-9-2019-11-25","reference/reds:iPlPv_Rcv/PV-9-2019-11-25-RCV",,"reference/reds:iCalPlMeeting/CMTG-PL-2019-011663-01",,"Monday, 25 November 2019","Lundi 25 novembre 2019","Montag, 25. November 2019","Lunedì 25 novembre 2019","Lunes 25 de noviembre de 2019","Poniedziałek, 25 listopada 2019","Понеделник, 25 ноември 2019","Pondělí, 25. listopadu 2019","Mandag den 25. november 2019","Esmaspäev, 25. november 2019","Δευτέρα 25 Νοεμβρίου 2019","ponedjeljak, 25. studenog 2019.","Pirmdiena, 2019. gada 25. novembris","Pirmadienis, 2019 m. lapkričio 25 d.","2019. november 25., hétfő","It-Tnejn, 25 ta' Novembru 2019","Maandag 25 november 2019","Segunda-feira, 25 de Novembro de 2019","Luni, 25 noiembrie 2019","Pondelok, 25. novembra 2019","Ponedeljek, 25. november 2019","Maanantai 25. marraskuuta 2019","Måndagen den 25 november 2019"
"http://data.europarl.europa.eu/eli/dl/iPlMeeting/20191126","SESP 2019-11-26","2019-11-26","http://data.europarl.europa.eu/PlenarySession_20191125-20191128","reference/reds:iPlTa_Toc/TA-9-2019-11-26-TOC","reference/reds:iPlOj_Sit/OJQ-9-2019-11-26","reference/reds:iPlPv_Att/PV-9-2019-11-26-ATT","reference/reds:iPlCre_Sit/CRE-9-2019-11-26","reference/reds:iPlPv_Sit/PV-9-2019-11-26","reference/reds:iPlPv_Rcv/PV-9-2019-11-26-RCV","reference/reds:iPlPv_Vot/PV-9-2019-11-26-VOT","reference/reds:iCalPlMeeting/CMTG-PL-2019-011665-01","reference/reds:iPlPv_Ann/PV-9-2019-11-26-ANN-1","Tuesday, 26 November 2019","Mardi 26 novembre 2019","Dienstag, 26. November 2019","Martedì 26 novembre 2019","Martes 26 de noviembre de 2019","Wtorek, 26 listopada 2019","Втoрник, 26 ноември 2019","Úterý, 26. listopadu 2019","Tirsdag den 26. november 2019","Teisipäev, 26. november 2019","Τρίτη 26 Νοεμβρίου 2019","utorak, 26. studenog 2019.","Otrdiena, 2019. gada 26. novembris","Antradienis, 2019 m. lapkričio 26 d.","2019. november 26., kedd","It-Tlieta, 26 ta' Novembru 2019","Dinsdag 26 november 2019","Terça-feira, 26 de Novembro de 2019","Marţi, 26 noiembrie 2019","Utorok, 26. novembra 2019","Torek, 26. november 2019","Tiistai 26. marraskuuta 2019","Tisdagen den 26 november 2019"
"http://data.europarl.europa.eu/eli/dl/iPlMeeting/20191127","SESP 2019-11-27","2019-11-27","http://data.europarl.europa.eu/PlenarySession_20191125-20191128","reference/reds:iPlTa_Toc/TA-9-2019-11-27-TOC","reference/reds:iPlOj_Sit/OJQ-9-2019-11-27","reference/reds:iPlPv_Att/PV-9-2019-11-27-ATT","reference/reds:iPlCre_Sit/CRE-9-2019-11-27","reference/reds:iPlPv_Sit/PV-9-2019-11-27","reference/reds:iPlPv_Rcv/PV-9-2019-11-27-RCV","reference/reds:iPlPv_Vot/PV-9-2019-11-27-VOT","reference/reds:iCalPlMeeting/CMTG-PL-2019-011666-01",,"Wednesday, 27 November 2019","Mercredi 27 novembre 2019","Mittwoch, 27. November 2019","Mercoledì 27 novembre 2019","Miércoles 27 de noviembre de 2019","Środa, 27 listopada 2019","Cряда, 27 ноември 2019","Středa, 27. listopadu 2019","Onsdag den 27. november 2019","Kolmapäev, 27. november 2019","Τετάρτη 27 Νοεμβρίου 2019","srijeda, 27. studenog 2019.","Trešdiena, 2019. gada 27. novembris","Trečiadienis, 2019 m. lapkričio 27 d.","2019. november 27., szerda","L-Erbgħa, 27 ta' Novembru 2019","Woensdag 27 november 2019","Quarta-feira, 27 de Novembro de 2019","Miercuri, 27 noiembrie 2019","Streda, 27. novembra 2019","Sreda, 27. november 2019","Keskiviikko 27. marraskuuta 2019","Onsdagen den 27 november 2019"
"http://data.europarl.europa.eu/eli/dl/iPlMeeting/20191128","SESP 2019-11-28","2019-11-28","http://data.europarl.europa.eu/PlenarySession_20191125-20191128","reference/reds:iPlTa_Toc/TA-9-2019-11-28-TOC","reference/reds:iPlOj_Sit/OJQ-9-2019-11-28","reference/reds:iPlPv_Att/PV-9-2019-11-28-ATT","reference/reds:iPlCre_Sit/CRE-9-2019-11-28","reference/reds:iPlPv_Sit/PV-9-2019-11-28","reference/reds:iPlPv_Rcv/PV-9-2019-11-28-RCV","reference/reds:iPlPv_Vot/PV-9-2019-11-28-VOT","reference/reds:iCalPlMeeting/CMTG-PL-2019-011667-01",,"Thursday, 28 November 2019","Jeudi 28 novembre 2019","Donnerstag, 28. November 2019","Giovedì 28 novembre 2019","Jueves 28 de noviembre de 2019","Czwartek, 28 listopada 2019","Четвъртък, 28 ноември 2019","Čtvrtek, 28. listopadu 2019","Torsdag den 28. november 2019","Neljapäev, 28. november 2019","Πέμπτη 28 Νοεμβρίου 2019","četvrtak, 28. studenog 2019.","Ceturtdiena, 2019. gada 28. novembris","Ketvirtadienis, 2019 m. lapkričio 28 d.","2019. november 28., csütörtök","Il-Ħamis, 28 ta' Novembru 2019","Donderdag 28 november 2019","Quinta-feira, 28 de Novembro de 2019","Joi, 28 noiembrie 2019","Štvrtok, 28. novembra 2019","Četrtek, 28. november 2019","Torstai 28. marraskuuta 2019","Torsdagen den 28 november 2019"
"http://data.europarl.europa.eu/eli/dl/iPlMeeting/20191211","SESP 2019-12-11","2019-12-11","http://data.europarl.europa.eu/PlenarySession_20191211-20191211",,"reference/reds:iPlOj_Sit/OJQ-9-2019-12-11","reference/reds:iPlPv_Att/PV-9-2019-12-11-ATT","reference/reds:iPlCre_Sit/CRE-9-2019-12-11","reference/reds:iPlPv_Sit/PV-9-2019-12-11",,,"reference/reds:iCalPlMeeting/CMTG-PL-2019-019438-01",,"Wednesday, 11 December 2019","Mercredi 11 décembre 2019","Mittwoch, 11. Dezember 2019","Mercoledì 11 dicembre 2019","Miércoles 11 de diciembre de 2019","Środa, 11 grudnia 2019","Cряда, 11 декември 2019","Středa, 11. prosince 2019","Onsdag den 11. december 2019","Kolmapäev, 11. detsember 2019","Τετάρτη 11 Δεκεμβρίου 2019","srijeda, 11. prosinca 2019.","Trešdiena, 2019. gada 11. decembris","Trečiadienis, 2019 m. gruodžio 11 d.","2019. december 11., szerda","L-Erbgħa, 11 ta' Diċembru 2019","Woensdag 11 december 2019","Quarta-feira, 11 de Dezembro de 2019","Miercuri, 11 decembrie 2019","Streda, 11. decembra 2019","Sreda, 11. december 2019","Keskiviikko 11. joulukuuta 2019","Onsdagen den 11 december 2019"
"http://data.europarl.europa.eu/eli/dl/iPlMeeting/20191216","SESP 2019-12-16","2019-12-16","http://data.europarl.europa.eu/PlenarySession_20191216-20191219",,"reference/reds:iPlOj_Sit/OJQ-9-2019-12-16","reference/reds:iPlPv_Att/PV-9-2019-12-16-ATT","reference/reds:iPlCre_Sit/CRE-9-2019-12-16","reference/reds:iPlPv_Sit/PV-9-2019-12-16",,,"reference/reds:iCalPlMeeting/CMTG-PL-2019-011668-01",,"Monday, 16 December 2019","Lundi 16 décembre 2019","Montag, 16. Dezember 2019","Lunedì 16 dicembre 2019","Lunes 16 de diciembre de 2019","Poniedziałek, 16 grudnia 2019","Понеделник, 16 декември 2019","Pondělí, 16. prosince 2019","Mandag den 16. december 2019","Esmaspäev, 16. detsember 2019","Δευτέρα 16 Δεκεμβρίου 2019","ponedjeljak, 16. prosinca 2019.","Pirmdiena, 2019. gada 16. decembris","Pirmadienis, 2019 m. gruodžio 16 d.","2019. december 16., hétfő","It-Tnejn, 16 ta' Diċembru 2019","Maandag 16 december 2019","Segunda-feira, 16 de Dezembro de 2019","Luni, 16 decembrie 2019","Pondelok, 16. decembra 2019","Ponedeljek, 16. december 2019","Maanantai 16. joulukuuta 2019","Måndagen den 16 december 2019"
"http://data.europarl.europa.eu/eli/dl/iPlMeeting/20191217","SESP 2019-12-17","2019-12-17","http://data.europarl.europa.eu/PlenarySession_20191216-20191219","reference/reds:iPlTa_Toc/TA-9-2019-12-17-TOC","reference/reds:iPlOj_Sit/OJQ-9-2019-12-17","reference/reds:iPlPv_Att/PV-9-2019-12-17-ATT","reference/reds:iPlCre_Sit/CRE-9-2019-12-17","reference/reds:iPlPv_Sit/PV-9-2019-12-17","reference/reds:iPlPv_Rcv/PV-9-2019-12-17-RCV","reference/reds:iPlPv_Vot/PV-9-2019-12-17-VOT","reference/reds:iCalPlMeeting/CMTG-PL-2019-011669-01","reference/reds:iPlPv_Ann/PV-9-2019-12-17-ANN-1","Tuesday, 17 December 2019","Mardi 17 décembre 2019","Dienstag, 17. Dezember 2019","Martedì 17 dicembre 2019","Martes 17 de diciembre de 2019","Wtorek, 17 grudnia 2019","Втoрник, 17 декември 2019","Úterý, 17. prosince 2019","Tirsdag den 17. december 2019","Teisipäev, 17. detsember 2019","Τρίτη 17 Δεκεμβρίου 2019","utorak, 17. prosinca 2019.","Otrdiena, 2019. gada 17. decembris","Antradienis, 2019 m. gruodžio 17 d.","2019. december 17., kedd","It-Tlieta, 17 ta' Diċembru 2019","Dinsdag 17 december 2019","Terça-feira, 17 de Dezembro de 2019","Marţi, 17 decembrie 2019","Utorok, 17. decembra 2019","Torek, 17. december 2019","Tiistai 17. joulukuuta 2019","Tisdagen den 17 december 2019"
"http://data.europarl.europa.eu/eli/dl/iPlMeeting/20191218","SESP 2019-12-18","2019-12-18","http://data.europarl.europa.eu/PlenarySession_20191216-20191219","reference/reds:iPlTa_Toc/TA-9-2019-12-18-TOC","reference/reds:iPlOj_Sit/OJQ-9-2019-12-18","reference/reds:iPlPv_Att/PV-9-2019-12-18-ATT","reference/reds:iPlCre_Sit/CRE-9-2019-12-18","reference/reds:iPlPv_Sit/PV-9-2019-12-18","reference/reds:iPlPv_Rcv/PV-9-2019-12-18-RCV","reference/reds:iPlPv_Vot/PV-9-2019-12-18-VOT","reference/reds:iCalPlMeeting/CMTG-PL-2019-011670-01","reference/reds:iPlPv_Ann/PV-9-2019-12-18-ANN-1","Wednesday, 18 December 2019","Mercredi 18 décembre 2019","Mittwoch, 18. Dezember 2019","Mercoledì 18 dicembre 2019","Miércoles 18 de diciembre de 2019","Środa, 18 grudnia 2019","Cряда, 18 декември 2019","Středa, 18. prosince 2019","Onsdag den 18. december 2019","Kolmapäev, 18. detsember 2019","Τετάρτη 18 Δεκεμβρίου 2019","srijeda, 18. prosinca 2019.","Trešdiena, 2019. gada 18. decembris","Trečiadienis, 2019 m. gruodžio 18 d.","2019. december 18., szerda","L-Erbgħa, 18 ta' Diċembru 2019","Woensdag 18 december 2019","Quarta-feira, 18 de Dezembro de 2019","Miercuri, 18 decembrie 2019","Streda, 18. decembra 2019","Sreda, 18. december 2019","Keskiviikko 18. joulukuuta 2019","Onsdagen den 18 december 2019"
"http://data.europarl.europa.eu/eli/dl/iPlMeeting/20191219","SESP 2019-12-19","2019-12-19","http://data.europarl.europa.eu/PlenarySession_20191216-20191219","reference/reds:iPlTa_Toc/TA-9-2019-12-19-TOC","reference/reds:iPlOj_Sit/OJQ-9-2019-12-19","reference/reds:iPlPv_Att/PV-9-2019-12-19-ATT","reference/reds:iPlCre_Sit/CRE-9-2019-12-19","reference/reds:iPlPv_Sit/PV-9-2019-12-19","reference/reds:iPlPv_Rcv/PV-9-2019-12-19-RCV","reference/reds:iPlPv_Vot/PV-9-2019-12-19-VOT","reference/reds:iCalPlMeeting/CMTG-PL-2019-011671-01",,"Thursday, 19 December 2019","Jeudi 19 décembre 2019","Donnerstag, 19. Dezember 2019","Giovedì 19 dicembre 2019","Jueves 19 de diciembre de 2019","Czwartek, 19 grudnia 2019","Четвъртък, 19 декември 2019","Čtvrtek, 19. prosince 2019","Torsdag den 19. december 2019","Neljapäev, 19. detsember 2019","Πέμπτη 19 Δεκεμβρίου 2019","četvrtak, 19. prosinca 2019.","Ceturtdiena, 2019. gada 19. decembris","Ketvirtadienis, 2019 m. gruodžio 19 d.","2019. december 19., csütörtök","Il-Ħamis, 19 ta' Diċembru 2019","Donderdag 19 december 2019","Quinta-feira, 19 de Dezembro de 2019","Joi, 19 decembrie 2019","Štvrtok, 19. decembra 2019","Četrtek, 19. december 2019","Torstai 19. joulukuuta 2019","Torsdagen den 19 december 2019"
